/*
SQLyog v4.05
Host - 4.1.10a-standard-log : Database - dev_espace
*********************************************************************
Server version : 4.1.10a-standard-log
*/


create database if not exists `dev_espace`;

USE `dev_espace`;

/*Table structure for table `dev_espace`.`espace_xsd` */

CREATE TABLE `espace_xsd` (
  `xsd_id` int(11) unsigned NOT NULL auto_increment,
  `xsd_title` varchar(50) default NULL,
  `xsd_version` varchar(20) default NULL,
  `xsd_file` longblob,
  `xsd_top_element_name` varchar(50) default NULL,
  `xsd_element_prefix` varchar(50) default NULL,
  `xsd_extra_ns_prefixes` varchar(255) default NULL,
  PRIMARY KEY  (`xsd_id`)
) ENGINE=MyISAM DEFAULT CHARSET=latin1;

/*Data for the table `dev_espace`.`espace_xsd` */

insert into `dev_espace`.`espace_xsd` values (21,'EAD','2.0','<?xml version=\"1.0\" encoding=\"UTF-8\"?>\r\n<xs:schema attributeFormDefault=\"unqualified\" elementFormDefault=\"qualified\" targetNamespace=\"http://diglib.princeton.edu/ead/\" xmlns=\"http://diglib.princeton.edu/ead/\" xmlns:xs=\"http://www.w3.org/2001/XMLSchema\">\r\n    <xs:group name=\"m.render\">\r\n        <xs:choice>\r\n            <xs:element ref=\"emph\"/>\r\n            <xs:element ref=\"lb\"/>\r\n        </xs:choice>\r\n    </xs:group>\r\n    <xs:group name=\"m.refs\">\r\n        <xs:choice>\r\n            <xs:element ref=\"ref\"/>\r\n            <xs:element ref=\"extref\"/>\r\n            <xs:element ref=\"linkgrp\"/>\r\n            <xs:element ref=\"bibref\"/>\r\n            <xs:element ref=\"title\"/>\r\n            <xs:element ref=\"archref\"/>\r\n        </xs:choice>\r\n    </xs:group>\r\n    <xs:group name=\"m.access\">\r\n        <xs:choice>\r\n            <xs:element ref=\"corpname\"/>\r\n            <xs:element ref=\"famname\"/>\r\n            <xs:element ref=\"geogname\"/>\r\n            <xs:element ref=\"name\"/>\r\n            <xs:element ref=\"occupation\"/>\r\n            <xs:element ref=\"persname\"/>\r\n            <xs:element ref=\"subject\"/>\r\n            <xs:element ref=\"genreform\"/>\r\n            <xs:element ref=\"function\"/>\r\n        </xs:choice>\r\n    </xs:group>\r\n    <xs:group name=\"m.access.title\">\r\n        <xs:choice>\r\n            <xs:group ref=\"m.access\"/>\r\n            <xs:element ref=\"title\"/>\r\n        </xs:choice>\r\n    </xs:group>\r\n    <xs:group name=\"m.phrase.bare\">\r\n        <xs:choice>\r\n            <!-- experimental mdWrap element -->\r\n            <xs:element ref=\"mdWrap\"/>\r\n            <!-- experimental mdWrap element -->\r\n            <xs:element ref=\"ptr\"/>\r\n            <xs:element ref=\"extptr\"/>\r\n            <xs:group ref=\"m.render\"/>\r\n        </xs:choice>\r\n    </xs:group>\r\n    <xs:group name=\"m.phrase.basic.norefs\">\r\n        <xs:choice>\r\n            <xs:group ref=\"m.phrase.bare\"/>\r\n            <xs:element ref=\"abbr\"/>\r\n            <xs:element ref=\"expan\"/>\r\n        </xs:choice>\r\n    </xs:group>\r\n    <xs:group name=\"m.phrase.basic\">\r\n        <xs:choice>\r\n            <xs:group ref=\"m.phrase.basic.norefs\"/>\r\n            <xs:group ref=\"m.refs\"/>\r\n        </xs:choice>\r\n    </xs:group>\r\n    <xs:group name=\"m.phrase.plus\">\r\n        <xs:choice>\r\n            <xs:group ref=\"m.phrase.basic.norefs\"/>\r\n            <xs:group ref=\"m.access\"/>\r\n            <xs:element ref=\"date\"/>\r\n            <xs:element ref=\"num\"/>\r\n            <xs:element ref=\"origination\"/>\r\n            <xs:element ref=\"repository\"/>\r\n            <xs:element ref=\"unitdate\"/>\r\n            <xs:element ref=\"unittitle\"/>\r\n            <xs:group ref=\"m.refs\"/>\r\n        </xs:choice>\r\n    </xs:group>\r\n    <xs:group name=\"m.blocks\">\r\n        <xs:choice>\r\n            <xs:element ref=\"address\"/>\r\n            <xs:element ref=\"chronlist\"/>\r\n            <xs:element ref=\"list\"/>\r\n            <xs:element ref=\"note\"/>\r\n            <xs:element ref=\"table\"/>\r\n            <xs:element ref=\"blockquote\"/>\r\n            <xs:element ref=\"p\"/>\r\n        </xs:choice>\r\n    </xs:group>\r\n    <xs:group name=\"m.blocks.noquote\">\r\n        <xs:choice>\r\n            <xs:element ref=\"address\"/>\r\n            <xs:element ref=\"chronlist\"/>\r\n            <xs:element ref=\"list\"/>\r\n            <xs:element ref=\"note\"/>\r\n            <xs:element ref=\"table\"/>\r\n            <xs:element ref=\"p\"/>\r\n        </xs:choice>\r\n    </xs:group>\r\n    <xs:group name=\"m.did\">\r\n        <xs:choice>\r\n            <xs:element ref=\"abstract\"/>\r\n            <xs:element ref=\"container\"/>\r\n            <xs:element ref=\"dao\"/>\r\n            <xs:element ref=\"daogrp\"/>\r\n            <xs:element ref=\"langmaterial\"/>\r\n            <xs:element ref=\"materialspec\"/>\r\n            <xs:element ref=\"note\"/>\r\n            <xs:element ref=\"origination\"/>\r\n            <xs:element ref=\"physdesc\"/>\r\n            <xs:element ref=\"physloc\"/>\r\n            <xs:element ref=\"repository\"/>\r\n            <xs:element ref=\"unitdate\"/>\r\n            <xs:element ref=\"unitid\"/>\r\n            <xs:element ref=\"unittitle\"/>\r\n        </xs:choice>\r\n    </xs:group>\r\n    <xs:group name=\"m.desc.base\">\r\n        <xs:choice>\r\n            <!-- <xs:element ref=\"admininfo\"/> -->\r\n            <!-- <xs:element ref=\"add\"/> -->\r\n            <!-- <xs:element ref=\"organization\"/> -->\r\n            <xs:element ref=\"accessrestrict\"/>\r\n            <xs:element ref=\"accruals\"/>\r\n            <xs:element ref=\"acqinfo\"/>\r\n            <xs:element ref=\"altformavail\"/>\r\n            <xs:element ref=\"appraisal\"/>\r\n            <xs:element ref=\"arrangement\"/>\r\n            <xs:element ref=\"bibliography\"/>\r\n            <xs:element ref=\"bioghist\"/>\r\n            <xs:element ref=\"controlaccess\"/>\r\n            <xs:element ref=\"custodhist\"/>\r\n            <xs:element ref=\"descgrp\"/>\r\n            <xs:element ref=\"fileplan\"/>\r\n            <xs:element ref=\"index\"/>\r\n            <xs:element ref=\"odd\"/>\r\n            <xs:element ref=\"originalsloc\"/>\r\n            <xs:element ref=\"otherfindaid\"/>\r\n            <xs:element ref=\"phystech\"/>\r\n            <xs:element ref=\"prefercite\"/>\r\n            <xs:element ref=\"processinfo\"/>\r\n            <xs:element ref=\"relatedmaterial\"/>\r\n            <xs:element ref=\"scopecontent\"/>\r\n            <xs:element ref=\"separatedmaterial\"/>\r\n            <xs:element ref=\"userestrict\"/>\r\n        </xs:choice>\r\n    </xs:group>\r\n    <xs:group name=\"m.desc.full\">\r\n        <xs:choice>\r\n            <xs:group ref=\"m.desc.base\"/>\r\n            <xs:element ref=\"dsc\"/>\r\n            <xs:element ref=\"dao\"/>\r\n            <xs:element ref=\"daogrp\"/>\r\n            <xs:element ref=\"note\"/>\r\n        </xs:choice>\r\n    </xs:group>\r\n    <xs:group name=\"m.scopecontent\">\r\n        <xs:choice>\r\n            <!-- <xs:element ref=\"organization\"/> -->\r\n            <xs:group ref=\"m.blocks\"/>\r\n        </xs:choice>\r\n    </xs:group>\r\n    <xs:group name=\"m.para.content\">\r\n        <xs:choice>\r\n            <xs:group ref=\"m.phrase.plus\"/>\r\n            <xs:element ref=\"address\"/>\r\n            <xs:element ref=\"chronlist\"/>\r\n            <xs:element ref=\"list\"/>\r\n            <xs:element ref=\"note\"/>\r\n            <xs:element ref=\"table\"/>\r\n            <xs:element ref=\"blockquote\"/>\r\n        </xs:choice>\r\n    </xs:group>\r\n    <xs:group name=\"m.para.content.norefs\">\r\n        <xs:choice>\r\n            <xs:group ref=\"m.phrase.basic.norefs\"/>\r\n            <xs:group ref=\"m.access\"/>\r\n            <xs:element ref=\"date\"/>\r\n            <xs:element ref=\"num\"/>\r\n            <xs:element ref=\"origination\"/>\r\n            <xs:element ref=\"repository\"/>\r\n            <xs:element ref=\"unitdate\"/>\r\n            <xs:element ref=\"unittitle\"/>\r\n            <xs:element ref=\"address\"/>\r\n            <xs:element ref=\"chronlist\"/>\r\n            <xs:element ref=\"list\"/>\r\n            <xs:element ref=\"note\"/>\r\n            <xs:element ref=\"table\"/>\r\n            <xs:element ref=\"blockquote\"/>\r\n        </xs:choice>\r\n    </xs:group>\r\n    <xs:group name=\"m.table.entry\">\r\n        <xs:choice>\r\n            <xs:group ref=\"m.phrase.plus\"/>\r\n            <xs:element ref=\"address\"/>\r\n            <xs:element ref=\"list\"/>\r\n            <xs:element ref=\"note\"/>\r\n        </xs:choice>\r\n    </xs:group>\r\n    <!-- <xs:attributeGroup name=\"a.ns\">\r\n    <xs:attribute name=\"xmlns\" type=\"xs:string\" fixed=\"urn:isbn:1-931666-00-8\" />\r\n  </xs:attributeGroup> -->\r\n    <xs:attributeGroup name=\"am.date.calendar\">\r\n        <xs:attribute default=\"gregorian\" name=\"calendar\" type=\"xs:NMTOKEN\"/>\r\n    </xs:attributeGroup>\r\n    <xs:attributeGroup name=\"am.date.era\">\r\n        <xs:attribute default=\"ce\" name=\"era\" type=\"xs:NMTOKEN\"/>\r\n    </xs:attributeGroup>\r\n    <xs:attributeGroup name=\"am.tpattern\">\r\n        <xs:attribute name=\"tpattern\" type=\"xs:NMTOKEN\"/>\r\n    </xs:attributeGroup>\r\n    <xs:attributeGroup name=\"am.abstract.encodinganalog\">\r\n        <xs:attribute name=\"encodinganalog\" type=\"xs:string\"/>\r\n    </xs:attributeGroup>\r\n    <xs:attributeGroup name=\"am.abstract.label\">\r\n        <xs:attribute name=\"label\" type=\"xs:string\"/>\r\n    </xs:attributeGroup>\r\n    <xs:attributeGroup name=\"am.abstract.langcode\">\r\n        <xs:attribute name=\"langcode\" type=\"xs:NMTOKEN\"/>\r\n    </xs:attributeGroup>\r\n    <xs:attributeGroup name=\"am.abstract.type\">\r\n        <xs:attribute name=\"type\" type=\"xs:string\"/>\r\n    </xs:attributeGroup>\r\n    <xs:attributeGroup name=\"am.accessrestrict.encodinganalog\">\r\n        <xs:attribute name=\"encodinganalog\" type=\"xs:string\"/>\r\n    </xs:attributeGroup>\r\n    <xs:attributeGroup name=\"am.accessrestrict.type\">\r\n        <xs:attribute name=\"type\" type=\"xs:string\"/>\r\n    </xs:attributeGroup>\r\n    <xs:attributeGroup name=\"am.accruals.encodinganalog\">\r\n        <xs:attribute name=\"encodinganalog\" type=\"xs:string\"/>\r\n    </xs:attributeGroup>\r\n    <xs:attributeGroup name=\"am.acqinfo.encodinganalog\">\r\n        <xs:attribute name=\"encodinganalog\" type=\"xs:string\"/>\r\n    </xs:attributeGroup>\r\n    <xs:attributeGroup name=\"am.altformavail.encodinganalog\">\r\n        <xs:attribute name=\"encodinganalog\" type=\"xs:string\"/>\r\n    </xs:attributeGroup>\r\n    <xs:attributeGroup name=\"am.altformavail.type\">\r\n        <xs:attribute name=\"type\" type=\"xs:string\"/>\r\n    </xs:attributeGroup>\r\n    <xs:attributeGroup name=\"am.appraisal.encodinganalog\">\r\n        <xs:attribute name=\"encodinganalog\" type=\"xs:string\"/>\r\n    </xs:attributeGroup>\r\n    <xs:attributeGroup name=\"am.archdesc.relatedencoding\">\r\n        <xs:attribute name=\"relatedencoding\" type=\"xs:string\"/>\r\n    </xs:attributeGroup>\r\n    <xs:attributeGroup name=\"am.archdesc.type\">\r\n        <xs:attribute name=\"type\" type=\"xs:NMTOKEN\"/>\r\n    </xs:attributeGroup>\r\n    <xs:attributeGroup name=\"am.archdescgrp.relatedencoding\">\r\n        <xs:attribute name=\"relatedencoding\" type=\"xs:string\"/>\r\n    </xs:attributeGroup>\r\n    <xs:attributeGroup name=\"am.archdescgrp.type\">\r\n        <xs:attribute name=\"type\" type=\"xs:string\"/>\r\n    </xs:attributeGroup>\r\n    <xs:attributeGroup name=\"am.arrangement.encodinganalog\">\r\n        <xs:attribute name=\"encodinganalog\" type=\"xs:string\"/>\r\n    </xs:attributeGroup>\r\n    <xs:attributeGroup name=\"am.author.encodinganalog\">\r\n        <xs:attribute name=\"encodinganalog\" type=\"xs:string\"/>\r\n    </xs:attributeGroup>\r\n    <xs:attributeGroup name=\"am.bibliography.encodinganalog\">\r\n        <xs:attribute name=\"encodinganalog\" type=\"xs:string\"/>\r\n    </xs:attributeGroup>\r\n    <xs:attributeGroup name=\"am.bibref.encodinganalog\">\r\n        <xs:attribute name=\"encodinganalog\" type=\"xs:string\"/>\r\n    </xs:attributeGroup>\r\n    <xs:attributeGroup name=\"am.bibseries.encodinganalog\">\r\n        <xs:attribute name=\"encodinganalog\" type=\"xs:string\"/>\r\n    </xs:attributeGroup>\r\n    <xs:attributeGroup name=\"am.bioghist.encodinganalog\">\r\n        <xs:attribute name=\"encodinganalog\" type=\"xs:string\"/>\r\n    </xs:attributeGroup>\r\n    <xs:attributeGroup name=\"am.change.encodinganalog\">\r\n        <xs:attribute name=\"encodinganalog\" type=\"xs:string\"/>\r\n    </xs:attributeGroup>\r\n    <xs:attributeGroup name=\"am.chronlist.encodinganalog\">\r\n        <xs:attribute name=\"encodinganalog\" type=\"xs:string\"/>\r\n    </xs:attributeGroup>\r\n    <xs:attributeGroup name=\"am.container.encodinganalog\">\r\n        <xs:attribute name=\"encodinganalog\" type=\"xs:string\"/>\r\n    </xs:attributeGroup>\r\n    <xs:attributeGroup name=\"am.container.label\">\r\n        <xs:attribute name=\"label\" type=\"xs:string\"/>\r\n    </xs:attributeGroup>\r\n    <xs:attributeGroup name=\"am.container.type\">\r\n        <xs:attribute name=\"type\" type=\"xs:NMTOKEN\"/>\r\n    </xs:attributeGroup>\r\n    <xs:attributeGroup name=\"am.controlaccess.encodinganalog\">\r\n        <xs:attribute name=\"encodinganalog\" type=\"xs:string\"/>\r\n    </xs:attributeGroup>\r\n    <xs:attributeGroup name=\"am.corpname.encodinganalog\">\r\n        <xs:attribute name=\"encodinganalog\" type=\"xs:string\"/>\r\n    </xs:attributeGroup>\r\n    <xs:attributeGroup name=\"am.corpname.role\">\r\n        <xs:attribute name=\"role\" type=\"xs:string\"/>\r\n    </xs:attributeGroup>\r\n    <xs:attributeGroup name=\"am.creation.encodinganalog\">\r\n        <xs:attribute name=\"encodinganalog\" type=\"xs:string\"/>\r\n    </xs:attributeGroup>\r\n    <xs:attributeGroup name=\"am.custodhist.encodinganalog\">\r\n        <xs:attribute name=\"encodinganalog\" type=\"xs:string\"/>\r\n    </xs:attributeGroup>\r\n    <xs:attributeGroup name=\"am.date.certainty\">\r\n        <xs:attribute name=\"certainty\" type=\"xs:string\"/>\r\n    </xs:attributeGroup>\r\n    <xs:attributeGroup name=\"am.date.encodinganalog\">\r\n        <xs:attribute name=\"encodinganalog\" type=\"xs:string\"/>\r\n    </xs:attributeGroup>\r\n    <xs:attributeGroup name=\"am.date.type\">\r\n        <xs:attribute name=\"type\" type=\"xs:string\"/>\r\n    </xs:attributeGroup>\r\n    <xs:attributeGroup name=\"am.descgrp.encodinganalog\">\r\n        <xs:attribute name=\"encodinganalog\" type=\"xs:string\"/>\r\n    </xs:attributeGroup>\r\n    <xs:attributeGroup name=\"am.descgrp.type\">\r\n        <xs:attribute name=\"type\" type=\"xs:string\"/>\r\n    </xs:attributeGroup>\r\n    <xs:attributeGroup name=\"am.descrules.encodinganalog\">\r\n        <xs:attribute name=\"encodinganalog\" type=\"xs:string\"/>\r\n    </xs:attributeGroup>\r\n    <xs:attributeGroup name=\"am.did.encodinganalog\">\r\n        <xs:attribute name=\"encodinganalog\" type=\"xs:string\"/>\r\n    </xs:attributeGroup>\r\n    <xs:attributeGroup name=\"am.dimensions.encodinganalog\">\r\n        <xs:attribute name=\"encodinganalog\" type=\"xs:string\"/>\r\n    </xs:attributeGroup>\r\n    <xs:attributeGroup name=\"am.dimensions.label\">\r\n        <xs:attribute name=\"label\" type=\"xs:string\"/>\r\n    </xs:attributeGroup>\r\n    <xs:attributeGroup name=\"am.dimensions.type\">\r\n        <xs:attribute name=\"type\" type=\"xs:string\"/>\r\n    </xs:attributeGroup>\r\n    <xs:attributeGroup name=\"am.dimensions.unit\">\r\n        <xs:attribute name=\"unit\" type=\"xs:string\"/>\r\n    </xs:attributeGroup>\r\n    <xs:attributeGroup name=\"am.dsc.encodinganalog\">\r\n        <xs:attribute name=\"encodinganalog\" type=\"xs:string\"/>\r\n    </xs:attributeGroup>\r\n    <xs:attributeGroup name=\"am.dsc.othertype\">\r\n        <xs:attribute name=\"othertype\" type=\"xs:NMTOKEN\"/>\r\n    </xs:attributeGroup>\r\n    <xs:attributeGroup name=\"am.dscgrp.encodinganalog\">\r\n        <xs:attribute name=\"encodinganalog\" type=\"xs:string\"/>\r\n    </xs:attributeGroup>\r\n    <xs:attributeGroup name=\"am.ead.relatedencoding\">\r\n        <xs:attribute name=\"relatedencoding\" type=\"xs:string\"/>\r\n    </xs:attributeGroup>\r\n    <xs:attributeGroup name=\"am.eadgrp.relatedencoding\">\r\n        <xs:attribute name=\"relatedencoding\" type=\"xs:string\"/>\r\n    </xs:attributeGroup>\r\n    <xs:attributeGroup name=\"am.eadheader.countryencoding\">\r\n        <xs:attribute default=\"iso3166-1\" name=\"countryencoding\" type=\"xs:NMTOKEN\"/>\r\n    </xs:attributeGroup>\r\n    <xs:attributeGroup name=\"am.eadheader.dateencoding\">\r\n        <xs:attribute default=\"iso8601\" name=\"dateencoding\" type=\"xs:NMTOKEN\"/>\r\n    </xs:attributeGroup>\r\n    <xs:attributeGroup name=\"am.eadheader.encodinganalog\">\r\n        <xs:attribute name=\"encodinganalog\" type=\"xs:string\"/>\r\n    </xs:attributeGroup>\r\n    <xs:attributeGroup name=\"am.eadheader.findaidstatus\">\r\n        <xs:attribute name=\"findaidstatus\" type=\"xs:NMTOKEN\"/>\r\n    </xs:attributeGroup>\r\n    <xs:attributeGroup name=\"am.eadheader.langencoding\">\r\n        <xs:attribute default=\"iso639-2b\" name=\"langencoding\" type=\"xs:NMTOKEN\"/>\r\n    </xs:attributeGroup>\r\n    <xs:attributeGroup name=\"am.eadheader.relatedencoding\">\r\n        <xs:attribute name=\"relatedencoding\" type=\"xs:string\"/>\r\n    </xs:attributeGroup>\r\n    <xs:attributeGroup name=\"am.eadheader.repositoryencoding\">\r\n        <xs:attribute default=\"iso15511\" name=\"repositoryencoding\" type=\"xs:NMTOKEN\"/>\r\n    </xs:attributeGroup>\r\n    <xs:attributeGroup name=\"am.eadheader.scriptencoding\">\r\n        <xs:attribute default=\"iso15924\" name=\"scriptencoding\" type=\"xs:NMTOKEN\"/>\r\n    </xs:attributeGroup>\r\n    <xs:attributeGroup name=\"am.eadid.countrycode\">\r\n        <xs:attribute name=\"countrycode\" type=\"xs:NMTOKEN\"/>\r\n    </xs:attributeGroup>\r\n    <xs:attributeGroup name=\"am.eadid.encodinganalog\">\r\n        <xs:attribute name=\"encodinganalog\" type=\"xs:string\"/>\r\n    </xs:attributeGroup>\r\n    <xs:attributeGroup name=\"am.eadid.mainagencycode\">\r\n        <xs:attribute name=\"mainagencycode\" type=\"xs:NMTOKEN\"/>\r\n    </xs:attributeGroup>\r\n    <xs:attributeGroup name=\"am.edition.encodinganalog\">\r\n        <xs:attribute name=\"encodinganalog\" type=\"xs:string\"/>\r\n    </xs:attributeGroup>\r\n    <xs:attributeGroup name=\"am.editionstmt.encodinganalog\">\r\n        <xs:attribute name=\"encodinganalog\" type=\"xs:string\"/>\r\n    </xs:attributeGroup>\r\n    <xs:attributeGroup name=\"am.extent.encodinganalog\">\r\n        <xs:attribute name=\"encodinganalog\" type=\"xs:string\"/>\r\n    </xs:attributeGroup>\r\n    <xs:attributeGroup name=\"am.extent.label\">\r\n        <xs:attribute name=\"label\" type=\"xs:string\"/>\r\n    </xs:attributeGroup>\r\n    <xs:attributeGroup name=\"am.extent.type\">\r\n        <xs:attribute name=\"type\" type=\"xs:string\"/>\r\n    </xs:attributeGroup>\r\n    <xs:attributeGroup name=\"am.extent.unit\">\r\n        <xs:attribute name=\"unit\" type=\"xs:string\"/>\r\n    </xs:attributeGroup>\r\n    <xs:attributeGroup name=\"am.famname.encodinganalog\">\r\n        <xs:attribute name=\"encodinganalog\" type=\"xs:string\"/>\r\n    </xs:attributeGroup>\r\n    <xs:attributeGroup name=\"am.famname.role\">\r\n        <xs:attribute name=\"role\" type=\"xs:string\"/>\r\n    </xs:attributeGroup>\r\n    <xs:attributeGroup name=\"am.filedesc.encodinganalog\">\r\n        <xs:attribute name=\"encodinganalog\" type=\"xs:string\"/>\r\n    </xs:attributeGroup>\r\n    <xs:attributeGroup name=\"am.fileplan.encodinganalog\">\r\n        <xs:attribute name=\"encodinganalog\" type=\"xs:string\"/>\r\n    </xs:attributeGroup>\r\n    <xs:attributeGroup name=\"am.function.encodinganalog\">\r\n        <xs:attribute name=\"encodinganalog\" type=\"xs:string\"/>\r\n    </xs:attributeGroup>\r\n    <xs:attributeGroup name=\"am.genreform.encodinganalog\">\r\n        <xs:attribute name=\"encodinganalog\" type=\"xs:string\"/>\r\n    </xs:attributeGroup>\r\n    <xs:attributeGroup name=\"am.genreform.type\">\r\n        <xs:attribute name=\"type\" type=\"xs:string\"/>\r\n    </xs:attributeGroup>\r\n    <xs:attributeGroup name=\"am.geogname.encodinganalog\">\r\n        <xs:attribute name=\"encodinganalog\" type=\"xs:string\"/>\r\n    </xs:attributeGroup>\r\n    <xs:attributeGroup name=\"am.geogname.role\">\r\n        <xs:attribute name=\"role\" type=\"xs:string\"/>\r\n    </xs:attributeGroup>\r\n    <xs:attributeGroup name=\"am.imprint.encodinganalog\">\r\n        <xs:attribute name=\"encodinganalog\" type=\"xs:string\"/>\r\n    </xs:attributeGroup>\r\n    <xs:attributeGroup name=\"am.index.encodinganalog\">\r\n        <xs:attribute name=\"encodinganalog\" type=\"xs:string\"/>\r\n    </xs:attributeGroup>\r\n    <xs:attributeGroup name=\"am.langmaterial.encodinganalog\">\r\n        <xs:attribute name=\"encodinganalog\" type=\"xs:string\"/>\r\n    </xs:attributeGroup>\r\n    <xs:attributeGroup name=\"am.langmaterial.label\">\r\n        <xs:attribute name=\"label\" type=\"xs:string\"/>\r\n    </xs:attributeGroup>\r\n    <xs:attributeGroup name=\"am.language.encodinganalog\">\r\n        <xs:attribute name=\"encodinganalog\" type=\"xs:string\"/>\r\n    </xs:attributeGroup>\r\n    <xs:attributeGroup name=\"am.language.langcode\">\r\n        <xs:attribute name=\"langcode\" type=\"xs:NMTOKEN\"/>\r\n    </xs:attributeGroup>\r\n    <xs:attributeGroup name=\"am.language.scriptcode\">\r\n        <xs:attribute name=\"scriptcode\" type=\"xs:NMTOKEN\"/>\r\n    </xs:attributeGroup>\r\n    <xs:attributeGroup name=\"am.langusage.encodinganalog\">\r\n        <xs:attribute name=\"encodinganalog\" type=\"xs:string\"/>\r\n    </xs:attributeGroup>\r\n    <xs:attributeGroup name=\"am.legalstatus.type\">\r\n        <xs:attribute name=\"type\" type=\"xs:NMTOKEN\"/>\r\n    </xs:attributeGroup>\r\n    <xs:attributeGroup name=\"am.list.mark\">\r\n        <xs:attribute name=\"mark\" type=\"xs:string\"/>\r\n    </xs:attributeGroup>\r\n    <xs:attributeGroup name=\"am.materialspec.encodinganalog\">\r\n        <xs:attribute name=\"encodinganalog\" type=\"xs:string\"/>\r\n    </xs:attributeGroup>\r\n    <xs:attributeGroup name=\"am.materialspec.label\">\r\n        <xs:attribute name=\"label\" type=\"xs:string\"/>\r\n    </xs:attributeGroup>\r\n    <xs:attributeGroup name=\"am.materialspec.type\">\r\n        <xs:attribute name=\"type\" type=\"xs:string\"/>\r\n    </xs:attributeGroup>\r\n    <xs:attributeGroup name=\"am.name.encodinganalog\">\r\n        <xs:attribute name=\"encodinganalog\" type=\"xs:string\"/>\r\n    </xs:attributeGroup>\r\n    <xs:attributeGroup name=\"am.name.role\">\r\n        <xs:attribute name=\"role\" type=\"xs:string\"/>\r\n    </xs:attributeGroup>\r\n    <xs:attributeGroup name=\"am.note.encodinganalog\">\r\n        <xs:attribute name=\"encodinganalog\" type=\"xs:string\"/>\r\n    </xs:attributeGroup>\r\n    <xs:attributeGroup name=\"am.note.label\">\r\n        <xs:attribute name=\"label\" type=\"xs:string\"/>\r\n    </xs:attributeGroup>\r\n    <xs:attributeGroup name=\"am.note.type\">\r\n        <xs:attribute name=\"type\" type=\"xs:string\"/>\r\n    </xs:attributeGroup>\r\n    <xs:attributeGroup name=\"am.notestmt.encodinganalog\">\r\n        <xs:attribute name=\"encodinganalog\" type=\"xs:string\"/>\r\n    </xs:attributeGroup>\r\n    <xs:attributeGroup name=\"am.num.encodinganalog\">\r\n        <xs:attribute name=\"encodinganalog\" type=\"xs:string\"/>\r\n    </xs:attributeGroup>\r\n    <xs:attributeGroup name=\"am.num.type\">\r\n        <xs:attribute name=\"type\" type=\"xs:string\"/>\r\n    </xs:attributeGroup>\r\n    <xs:attributeGroup name=\"am.occupation.encodinganalog\">\r\n        <xs:attribute name=\"encodinganalog\" type=\"xs:string\"/>\r\n    </xs:attributeGroup>\r\n    <xs:attributeGroup name=\"am.odd.encodinganalog\">\r\n        <xs:attribute name=\"encodinganalog\" type=\"xs:string\"/>\r\n    </xs:attributeGroup>\r\n    <xs:attributeGroup name=\"am.odd.type\">\r\n        <xs:attribute name=\"type\" type=\"xs:string\"/>\r\n    </xs:attributeGroup>\r\n    <xs:attributeGroup name=\"am.originalsloc.encodinganalog\">\r\n        <xs:attribute name=\"encodinganalog\" type=\"xs:string\"/>\r\n    </xs:attributeGroup>\r\n    <xs:attributeGroup name=\"am.originalsloc.type\">\r\n        <xs:attribute name=\"type\" type=\"xs:string\"/>\r\n    </xs:attributeGroup>\r\n    <xs:attributeGroup name=\"am.origination.encodinganalog\">\r\n        <xs:attribute name=\"encodinganalog\" type=\"xs:string\"/>\r\n    </xs:attributeGroup>\r\n    <xs:attributeGroup name=\"am.origination.label\">\r\n        <xs:attribute name=\"label\" type=\"xs:string\"/>\r\n    </xs:attributeGroup>\r\n    <xs:attributeGroup name=\"am.otherfindaid.encodinganalog\">\r\n        <xs:attribute name=\"encodinganalog\" type=\"xs:string\"/>\r\n    </xs:attributeGroup>\r\n    <xs:attributeGroup name=\"am.persname.encodinganalog\">\r\n        <xs:attribute name=\"encodinganalog\" type=\"xs:string\"/>\r\n    </xs:attributeGroup>\r\n    <xs:attributeGroup name=\"am.persname.role\">\r\n        <xs:attribute name=\"role\" type=\"xs:string\"/>\r\n    </xs:attributeGroup>\r\n    <xs:attributeGroup name=\"am.physdesc.encodinganalog\">\r\n        <xs:attribute name=\"encodinganalog\" type=\"xs:string\"/>\r\n    </xs:attributeGroup>\r\n    <xs:attributeGroup name=\"am.physdesc.label\">\r\n        <xs:attribute name=\"label\" type=\"xs:string\"/>\r\n    </xs:attributeGroup>\r\n    <xs:attributeGroup name=\"am.physdesc.rules\">\r\n        <xs:attribute name=\"rules\" type=\"xs:NMTOKEN\"/>\r\n    </xs:attributeGroup>\r\n    <xs:attributeGroup name=\"am.physdesc.source\">\r\n        <xs:attribute name=\"source\" type=\"xs:NMTOKEN\"/>\r\n    </xs:attributeGroup>\r\n    <xs:attributeGroup name=\"am.physfacet.encodinganalog\">\r\n        <xs:attribute name=\"encodinganalog\" type=\"xs:string\"/>\r\n    </xs:attributeGroup>\r\n    <xs:attributeGroup name=\"am.physfacet.label\">\r\n        <xs:attribute name=\"label\" type=\"xs:string\"/>\r\n    </xs:attributeGroup>\r\n    <xs:attributeGroup name=\"am.physfacet.rules\">\r\n        <xs:attribute name=\"rules\" type=\"xs:NMTOKEN\"/>\r\n    </xs:attributeGroup>\r\n    <xs:attributeGroup name=\"am.physfacet.source\">\r\n        <xs:attribute name=\"source\" type=\"xs:NMTOKEN\"/>\r\n    </xs:attributeGroup>\r\n    <xs:attributeGroup name=\"am.physfacet.type\">\r\n        <xs:attribute name=\"type\" type=\"xs:string\"/>\r\n    </xs:attributeGroup>\r\n    <xs:attributeGroup name=\"am.physfacet.unit\">\r\n        <xs:attribute name=\"unit\" type=\"xs:string\"/>\r\n    </xs:attributeGroup>\r\n    <xs:attributeGroup name=\"am.physloc.encodinganalog\">\r\n        <xs:attribute name=\"encodinganalog\" type=\"xs:string\"/>\r\n    </xs:attributeGroup>\r\n    <xs:attributeGroup name=\"am.physloc.label\">\r\n        <xs:attribute name=\"label\" type=\"xs:string\"/>\r\n    </xs:attributeGroup>\r\n    <xs:attributeGroup name=\"am.physloc.type\">\r\n        <xs:attribute name=\"type\" type=\"xs:string\"/>\r\n    </xs:attributeGroup>\r\n    <xs:attributeGroup name=\"am.phystech.encodinganalog\">\r\n        <xs:attribute name=\"encodinganalog\" type=\"xs:string\"/>\r\n    </xs:attributeGroup>\r\n    <xs:attributeGroup name=\"am.phystech.type\">\r\n        <xs:attribute name=\"type\" type=\"xs:string\"/>\r\n    </xs:attributeGroup>\r\n    <xs:attributeGroup name=\"am.prefercite.encodinganalog\">\r\n        <xs:attribute name=\"encodinganalog\" type=\"xs:string\"/>\r\n    </xs:attributeGroup>\r\n    <xs:attributeGroup name=\"am.processinfo.encodinganalog\">\r\n        <xs:attribute name=\"encodinganalog\" type=\"xs:string\"/>\r\n    </xs:attributeGroup>\r\n    <xs:attributeGroup name=\"am.processinfo.type\">\r\n        <xs:attribute name=\"type\" type=\"xs:string\"/>\r\n    </xs:attributeGroup>\r\n    <xs:attributeGroup name=\"am.profiledesc.encodinganalog\">\r\n        <xs:attribute name=\"encodinganalog\" type=\"xs:string\"/>\r\n    </xs:attributeGroup>\r\n    <xs:attributeGroup name=\"am.publicationstmt.encodinganalog\">\r\n        <xs:attribute name=\"encodinganalog\" type=\"xs:string\"/>\r\n    </xs:attributeGroup>\r\n    <xs:attributeGroup name=\"am.publisher.encodinganalog\">\r\n        <xs:attribute name=\"encodinganalog\" type=\"xs:string\"/>\r\n    </xs:attributeGroup>\r\n    <xs:attributeGroup name=\"am.relatedmaterial.encodinganalog\">\r\n        <xs:attribute name=\"encodinganalog\" type=\"xs:string\"/>\r\n    </xs:attributeGroup>\r\n    <xs:attributeGroup name=\"am.relatedmaterial.type\">\r\n        <xs:attribute name=\"type\" type=\"xs:string\"/>\r\n    </xs:attributeGroup>\r\n    <xs:attributeGroup name=\"am.repository.encodinganalog\">\r\n        <xs:attribute name=\"encodinganalog\" type=\"xs:string\"/>\r\n    </xs:attributeGroup>\r\n    <xs:attributeGroup name=\"am.repository.label\">\r\n        <xs:attribute name=\"label\" type=\"xs:string\"/>\r\n    </xs:attributeGroup>\r\n    <xs:attributeGroup name=\"am.revisiondesc.encodinganalog\">\r\n        <xs:attribute name=\"encodinganalog\" type=\"xs:string\"/>\r\n    </xs:attributeGroup>\r\n    <xs:attributeGroup name=\"am.runner.role\">\r\n        <xs:attribute name=\"role\" type=\"xs:string\"/>\r\n    </xs:attributeGroup>\r\n    <xs:attributeGroup name=\"am.scopecontent.encodinganalog\">\r\n        <xs:attribute name=\"encodinganalog\" type=\"xs:string\"/>\r\n    </xs:attributeGroup>\r\n    <xs:attributeGroup name=\"am.separatedmaterial.encodinganalog\">\r\n        <xs:attribute name=\"encodinganalog\" type=\"xs:string\"/>\r\n    </xs:attributeGroup>\r\n    <xs:attributeGroup name=\"am.separatedmaterial.type\">\r\n        <xs:attribute name=\"type\" type=\"xs:string\"/>\r\n    </xs:attributeGroup>\r\n    <xs:attributeGroup name=\"am.seriesstmt.encodinganalog\">\r\n        <xs:attribute name=\"encodinganalog\" type=\"xs:string\"/>\r\n    </xs:attributeGroup>\r\n    <xs:attributeGroup name=\"am.sponsor.encodinganalog\">\r\n        <xs:attribute name=\"encodinganalog\" type=\"xs:string\"/>\r\n    </xs:attributeGroup>\r\n    <xs:attributeGroup name=\"am.subarea.encodinganalog\">\r\n        <xs:attribute name=\"encodinganalog\" type=\"xs:string\"/>\r\n    </xs:attributeGroup>\r\n    <xs:attributeGroup name=\"am.subject.encodinganalog\">\r\n        <xs:attribute name=\"encodinganalog\" type=\"xs:string\"/>\r\n    </xs:attributeGroup>\r\n    <xs:attributeGroup name=\"am.subtitle.encodinganalog\">\r\n        <xs:attribute name=\"encodinganalog\" type=\"xs:string\"/>\r\n    </xs:attributeGroup>\r\n    <xs:attributeGroup name=\"am.title.encodinganalog\">\r\n        <xs:attribute name=\"encodinganalog\" type=\"xs:string\"/>\r\n    </xs:attributeGroup>\r\n    <xs:attributeGroup name=\"am.title.type\">\r\n        <xs:attribute name=\"type\" type=\"xs:string\"/>\r\n    </xs:attributeGroup>\r\n    <xs:attributeGroup name=\"am.titleproper.encodinganalog\">\r\n        <xs:attribute name=\"encodinganalog\" type=\"xs:string\"/>\r\n    </xs:attributeGroup>\r\n    <xs:attributeGroup name=\"am.titleproper.type\">\r\n        <xs:attribute name=\"type\" type=\"xs:string\"/>\r\n    </xs:attributeGroup>\r\n    <xs:attributeGroup name=\"am.titlestmt.encodinganalog\">\r\n        <xs:attribute name=\"encodinganalog\" type=\"xs:string\"/>\r\n    </xs:attributeGroup>\r\n    <xs:attributeGroup name=\"am.unitdate.certainty\">\r\n        <xs:attribute name=\"certainty\" type=\"xs:string\"/>\r\n    </xs:attributeGroup>\r\n    <xs:attributeGroup name=\"am.unitdate.datechar\">\r\n        <xs:attribute name=\"datechar\" type=\"xs:string\"/>\r\n    </xs:attributeGroup>\r\n    <xs:attributeGroup name=\"am.unitdate.encodinganalog\">\r\n        <xs:attribute name=\"encodinganalog\" type=\"xs:string\"/>\r\n    </xs:attributeGroup>\r\n    <xs:attributeGroup name=\"am.unitdate.label\">\r\n        <xs:attribute name=\"label\" type=\"xs:string\"/>\r\n    </xs:attributeGroup>\r\n    <xs:attributeGroup name=\"am.unitid.countrycode\">\r\n        <xs:attribute name=\"countrycode\" type=\"xs:NMTOKEN\"/>\r\n    </xs:attributeGroup>\r\n    <xs:attributeGroup name=\"am.unitid.encodinganalog\">\r\n        <xs:attribute name=\"encodinganalog\" type=\"xs:string\"/>\r\n    </xs:attributeGroup>\r\n    <xs:attributeGroup name=\"am.unitid.label\">\r\n        <xs:attribute name=\"label\" type=\"xs:string\"/>\r\n    </xs:attributeGroup>\r\n    <xs:attributeGroup name=\"am.unitid.repositorycode\">\r\n        <xs:attribute name=\"repositorycode\" type=\"xs:NMTOKEN\"/>\r\n    </xs:attributeGroup>\r\n    <xs:attributeGroup name=\"am.unitid.type\">\r\n        <xs:attribute name=\"type\" type=\"xs:string\"/>\r\n    </xs:attributeGroup>\r\n    <xs:attributeGroup name=\"am.unittitle.encodinganalog\">\r\n        <xs:attribute name=\"encodinganalog\" type=\"xs:string\"/>\r\n    </xs:attributeGroup>\r\n    <xs:attributeGroup name=\"am.unittitle.label\">\r\n        <xs:attribute name=\"label\" type=\"xs:string\"/>\r\n    </xs:attributeGroup>\r\n    <xs:attributeGroup name=\"am.unittitle.type\">\r\n        <xs:attribute name=\"type\" type=\"xs:string\"/>\r\n    </xs:attributeGroup>\r\n    <xs:attributeGroup name=\"am.userestrict.encodinganalog\">\r\n        <xs:attribute name=\"encodinganalog\" type=\"xs:string\"/>\r\n    </xs:attributeGroup>\r\n    <xs:attributeGroup name=\"am.userestrict.type\">\r\n        <xs:attribute name=\"type\" type=\"xs:string\"/>\r\n    </xs:attributeGroup>\r\n    <xs:attributeGroup name=\"av.render\">\r\n        <xs:attribute name=\"render\">\r\n            <xs:simpleType>\r\n                <xs:restriction base=\"xs:string\">\r\n                    <xs:enumeration value=\"bold\"/>\r\n                    <xs:enumeration value=\"italic\"/>\r\n                    <xs:enumeration value=\"bolditalic\"/>\r\n                    <xs:enumeration value=\"boldunderline\"/>\r\n                    <xs:enumeration value=\"boldsmcaps\"/>\r\n                    <xs:enumeration value=\"boldquoted\"/>\r\n                    <xs:enumeration value=\"nonproport\"/>\r\n                    <xs:enumeration value=\"altrender\"/>\r\n                    <xs:enumeration value=\"quoted\"/>\r\n                    <xs:enumeration value=\"smcaps\"/>\r\n                    <xs:enumeration value=\"sub\"/>\r\n                    <xs:enumeration value=\"super\"/>\r\n                </xs:restriction>\r\n            </xs:simpleType>\r\n        </xs:attribute>\r\n    </xs:attributeGroup>\r\n    <xs:attributeGroup name=\"a.common\">\r\n        <xs:attribute name=\"id\" type=\"xs:ID\"/>\r\n        <xs:attribute name=\"altrender\" type=\"xs:string\"/>\r\n        <xs:attribute name=\"audience\">\r\n            <xs:simpleType>\r\n                <xs:restriction base=\"xs:string\">\r\n                    <xs:enumeration value=\"external\"/>\r\n                    <xs:enumeration value=\"internal\"/>\r\n                </xs:restriction>\r\n            </xs:simpleType>\r\n        </xs:attribute>\r\n    </xs:attributeGroup>\r\n    <xs:attributeGroup name=\"a.access\">\r\n        <xs:attribute name=\"source\" type=\"xs:NMTOKEN\"/>\r\n        <xs:attribute name=\"rules\" type=\"xs:NMTOKEN\"/>\r\n        <xs:attribute name=\"authfilenumber\" type=\"xs:string\"/>\r\n        <xs:attribute name=\"normal\" type=\"xs:string\"/>\r\n    </xs:attributeGroup>\r\n    <xs:attributeGroup name=\"a.desc.top\">\r\n        <xs:attributeGroup ref=\"a.common\"/>\r\n        <xs:attribute name=\"level\" use=\"required\">\r\n            <xs:simpleType>\r\n                <xs:restriction base=\"xs:string\">\r\n                    <xs:enumeration value=\"class\"/>\r\n                    <xs:enumeration value=\"collection\"/>\r\n                    <xs:enumeration value=\"file\"/>\r\n                    <xs:enumeration value=\"fonds\"/>\r\n                    <xs:enumeration value=\"item\"/>\r\n                    <xs:enumeration value=\"otherlevel\"/>\r\n                    <xs:enumeration value=\"recordgrp\"/>\r\n                    <xs:enumeration value=\"series\"/>\r\n                    <xs:enumeration value=\"subfonds\"/>\r\n                    <xs:enumeration value=\"subgrp\"/>\r\n                    <xs:enumeration value=\"subseries\"/>\r\n                </xs:restriction>\r\n            </xs:simpleType>\r\n        </xs:attribute>\r\n        <xs:attribute name=\"otherlevel\" type=\"xs:NMTOKEN\"/>\r\n        <xs:attribute name=\"langmaterial\" type=\"xs:string\"/>\r\n        <xs:attribute name=\"legalstatus\">\r\n            <xs:simpleType>\r\n                <xs:restriction base=\"xs:string\">\r\n                    <xs:enumeration value=\"public\"/>\r\n                    <xs:enumeration value=\"private\"/>\r\n                    <xs:enumeration value=\"otherlegalstatus\"/>\r\n                </xs:restriction>\r\n            </xs:simpleType>\r\n        </xs:attribute>\r\n        <xs:attribute name=\"otherlegalstatus\" type=\"xs:string\"/>\r\n        <xs:attribute name=\"encodinganalog\" type=\"xs:string\"/>\r\n    </xs:attributeGroup>\r\n    <xs:attributeGroup name=\"a.desc.c\">\r\n        <xs:attributeGroup ref=\"a.common\"/>\r\n        <xs:attribute name=\"level\">\r\n            <xs:simpleType>\r\n                <xs:restriction base=\"xs:string\">\r\n                    <xs:enumeration value=\"class\"/>\r\n                    <xs:enumeration value=\"collection\"/>\r\n                    <xs:enumeration value=\"file\"/>\r\n                    <xs:enumeration value=\"fonds\"/>\r\n                    <xs:enumeration value=\"item\"/>\r\n                    <xs:enumeration value=\"otherlevel\"/>\r\n                    <xs:enumeration value=\"recordgrp\"/>\r\n                    <xs:enumeration value=\"series\"/>\r\n                    <xs:enumeration value=\"subfonds\"/>\r\n                    <xs:enumeration value=\"subgrp\"/>\r\n                    <xs:enumeration value=\"subseries\"/>\r\n                </xs:restriction>\r\n            </xs:simpleType>\r\n        </xs:attribute>\r\n        <xs:attribute name=\"otherlevel\" type=\"xs:NMTOKEN\"/>\r\n        <xs:attribute name=\"langmaterial\" type=\"xs:string\"/>\r\n        <xs:attribute name=\"legalstatus\">\r\n            <xs:simpleType>\r\n                <xs:restriction base=\"xs:string\">\r\n                    <xs:enumeration value=\"public\"/>\r\n                    <xs:enumeration value=\"private\"/>\r\n                    <xs:enumeration value=\"otherlegalstatus\"/>\r\n                </xs:restriction>\r\n            </xs:simpleType>\r\n        </xs:attribute>\r\n        <xs:attribute name=\"otherlegalstatus\" type=\"xs:string\"/>\r\n        <xs:attribute name=\"encodinganalog\" type=\"xs:string\"/>\r\n    </xs:attributeGroup>\r\n    <xs:attributeGroup name=\"a.arc\">\r\n        <xs:attribute fixed=\"arc\" name=\"linktype\">\r\n            <xs:simpleType>\r\n                <xs:restriction base=\"xs:string\">\r\n                    <xs:enumeration value=\"arc\"/>\r\n                </xs:restriction>\r\n            </xs:simpleType>\r\n        </xs:attribute>\r\n    </xs:attributeGroup>\r\n    <xs:attributeGroup name=\"a.resource\">\r\n        <xs:attribute fixed=\"resource\" name=\"linktype\">\r\n            <xs:simpleType>\r\n                <xs:restriction base=\"xs:string\">\r\n                    <xs:enumeration value=\"resource\"/>\r\n                </xs:restriction>\r\n            </xs:simpleType>\r\n        </xs:attribute>\r\n    </xs:attributeGroup>\r\n    <xs:attributeGroup name=\"a.action\">\r\n        <xs:attribute name=\"show\">\r\n            <xs:simpleType>\r\n                <xs:restriction base=\"xs:string\">\r\n                    <xs:enumeration value=\"new\"/>\r\n                    <xs:enumeration value=\"replace\"/>\r\n                    <xs:enumeration value=\"embed\"/>\r\n                    <xs:enumeration value=\"showother\"/>\r\n                    <xs:enumeration value=\"shownone\"/>\r\n                </xs:restriction>\r\n            </xs:simpleType>\r\n        </xs:attribute>\r\n        <xs:attribute name=\"actuate\">\r\n            <xs:simpleType>\r\n                <xs:restriction base=\"xs:string\">\r\n                    <xs:enumeration value=\"onload\"/>\r\n                    <xs:enumeration value=\"onrequest\"/>\r\n                    <xs:enumeration value=\"actuateother\"/>\r\n                    <xs:enumeration value=\"actuatenone\"/>\r\n                </xs:restriction>\r\n            </xs:simpleType>\r\n        </xs:attribute>\r\n    </xs:attributeGroup>\r\n    <xs:attributeGroup name=\"a.title\">\r\n        <xs:attribute name=\"title\" type=\"xs:string\"/>\r\n    </xs:attributeGroup>\r\n    <xs:attributeGroup name=\"a.arcrole\">\r\n        <xs:attribute name=\"arcrole\" type=\"xs:string\"/>\r\n    </xs:attributeGroup>\r\n    <xs:attributeGroup name=\"a.role\">\r\n        <xs:attribute name=\"role\" type=\"xs:string\"/>\r\n    </xs:attributeGroup>\r\n    <xs:attributeGroup name=\"a.label\">\r\n        <xs:attribute name=\"label\" type=\"xs:NMTOKEN\"/>\r\n    </xs:attributeGroup>\r\n    <xs:attributeGroup name=\"a.internal.ptr\">\r\n        <xs:attribute name=\"target\" type=\"xs:IDREF\"/>\r\n        <xs:attribute name=\"xpointer\" type=\"xs:string\"/>\r\n        <xs:attribute fixed=\"simple\" name=\"linktype\">\r\n            <xs:simpleType>\r\n                <xs:restriction base=\"xs:string\">\r\n                    <xs:enumeration value=\"simple\"/>\r\n                </xs:restriction>\r\n            </xs:simpleType>\r\n        </xs:attribute>\r\n        <xs:attribute name=\"href\" type=\"xs:string\"/>\r\n        <xs:attributeGroup ref=\"a.role\"/>\r\n        <xs:attributeGroup ref=\"a.arcrole\"/>\r\n        <xs:attributeGroup ref=\"a.title\"/>\r\n        <xs:attributeGroup ref=\"a.action\"/>\r\n    </xs:attributeGroup>\r\n    <xs:attributeGroup name=\"a.external.ptr\">\r\n        <xs:attribute name=\"entityref\" type=\"xs:ENTITY\"/>\r\n        <xs:attribute name=\"xpointer\" type=\"xs:string\"/>\r\n        <xs:attribute fixed=\"simple\" name=\"linktype\">\r\n            <xs:simpleType>\r\n                <xs:restriction base=\"xs:string\">\r\n                    <xs:enumeration value=\"simple\"/>\r\n                </xs:restriction>\r\n            </xs:simpleType>\r\n        </xs:attribute>\r\n        <xs:attribute name=\"href\" type=\"xs:string\"/>\r\n        <xs:attributeGroup ref=\"a.role\"/>\r\n        <xs:attributeGroup ref=\"a.arcrole\"/>\r\n        <xs:attributeGroup ref=\"a.title\"/>\r\n        <xs:attributeGroup ref=\"a.action\"/>\r\n    </xs:attributeGroup>\r\n    <xs:attributeGroup name=\"a.linkgrp\">\r\n        <xs:attribute fixed=\"extended\" name=\"linktype\">\r\n            <xs:simpleType>\r\n                <xs:restriction base=\"xs:string\">\r\n                    <xs:enumeration value=\"extended\"/>\r\n                </xs:restriction>\r\n            </xs:simpleType>\r\n        </xs:attribute>\r\n        <xs:attributeGroup ref=\"a.role\"/>\r\n        <xs:attributeGroup ref=\"a.title\"/>\r\n    </xs:attributeGroup>\r\n    <xs:attributeGroup name=\"a.loc.internal.ptr\">\r\n        <xs:attribute name=\"target\" type=\"xs:IDREF\"/>\r\n        <xs:attribute name=\"xpointer\" type=\"xs:string\"/>\r\n        <xs:attribute fixed=\"locator\" name=\"linktype\">\r\n            <xs:simpleType>\r\n                <xs:restriction base=\"xs:string\">\r\n                    <xs:enumeration value=\"locator\"/>\r\n                </xs:restriction>\r\n            </xs:simpleType>\r\n        </xs:attribute>\r\n        <xs:attribute name=\"href\" type=\"xs:string\"/>\r\n        <xs:attributeGroup ref=\"a.role\"/>\r\n        <xs:attributeGroup ref=\"a.title\"/>\r\n        <xs:attributeGroup ref=\"a.label\"/>\r\n    </xs:attributeGroup>\r\n    <xs:attributeGroup name=\"a.loc.external.ptr\">\r\n        <xs:attribute name=\"entityref\" type=\"xs:ENTITY\"/>\r\n        <xs:attribute name=\"xpointer\" type=\"xs:string\"/>\r\n        <xs:attribute fixed=\"locator\" name=\"linktype\">\r\n            <xs:simpleType>\r\n                <xs:restriction base=\"xs:string\">\r\n                    <xs:enumeration value=\"locator\"/>\r\n                </xs:restriction>\r\n            </xs:simpleType>\r\n        </xs:attribute>\r\n        <xs:attribute name=\"href\" type=\"xs:string\"/>\r\n        <xs:attributeGroup ref=\"a.role\"/>\r\n        <xs:attributeGroup ref=\"a.title\"/>\r\n        <xs:attributeGroup ref=\"a.label\"/>\r\n    </xs:attributeGroup>\r\n    <xs:element name=\"ead\">\r\n        <xs:complexType>\r\n            <xs:sequence>\r\n                <xs:element ref=\"eadheader\"/>\r\n                <xs:element minOccurs=\"0\" ref=\"frontmatter\"/>\r\n                <xs:element ref=\"archdesc\"/>\r\n            </xs:sequence>\r\n            <xs:attributeGroup ref=\"a.common\"/>\r\n            <xs:attributeGroup ref=\"am.ead.relatedencoding\"/>\r\n        </xs:complexType>\r\n    </xs:element>\r\n    <xs:element name=\"eadgrp\">\r\n        <xs:complexType>\r\n            <xs:sequence>\r\n                <xs:element ref=\"eadheader\"/>\r\n                <xs:element minOccurs=\"0\" ref=\"frontmatter\"/>\r\n                <xs:element maxOccurs=\"unbounded\" ref=\"archdescgrp\"/>\r\n            </xs:sequence>\r\n            <xs:attributeGroup ref=\"a.common\"/>\r\n            <xs:attributeGroup ref=\"am.eadgrp.relatedencoding\"/>\r\n        </xs:complexType>\r\n    </xs:element>\r\n    <xs:element name=\"eadheader\">\r\n        <xs:complexType>\r\n            <xs:sequence>\r\n                <xs:element ref=\"eadid\"/>\r\n                <xs:element ref=\"filedesc\"/>\r\n                <xs:element minOccurs=\"0\" ref=\"profiledesc\"/>\r\n                <xs:element minOccurs=\"0\" ref=\"revisiondesc\"/>\r\n            </xs:sequence>\r\n            <xs:attributeGroup ref=\"a.common\"/>\r\n            <xs:attributeGroup ref=\"am.eadheader.langencoding\"/>\r\n            <xs:attributeGroup ref=\"am.eadheader.scriptencoding\"/>\r\n            <xs:attributeGroup ref=\"am.eadheader.dateencoding\"/>\r\n            <xs:attributeGroup ref=\"am.eadheader.countryencoding\"/>\r\n            <xs:attributeGroup ref=\"am.eadheader.repositoryencoding\"/>\r\n            <xs:attributeGroup ref=\"am.eadheader.relatedencoding\"/>\r\n            <xs:attributeGroup ref=\"am.eadheader.findaidstatus\"/>\r\n            <xs:attributeGroup ref=\"am.eadheader.encodinganalog\"/>\r\n        </xs:complexType>\r\n    </xs:element>\r\n    <xs:element name=\"eadid\">\r\n        <xs:complexType>\r\n            <xs:simpleContent>\r\n                <xs:extension base=\"xs:string\">\r\n                    <xs:attribute name=\"publicid\" type=\"xs:string\"/>\r\n                    <xs:attribute name=\"urn\" type=\"xs:string\"/>\r\n                    <xs:attribute name=\"url\" type=\"xs:string\"/>\r\n                    <xs:attributeGroup ref=\"am.eadid.countrycode\"/>\r\n                    <xs:attributeGroup ref=\"am.eadid.encodinganalog\"/>\r\n                    <xs:attributeGroup ref=\"am.eadid.mainagencycode\"/>\r\n                    <xs:attribute name=\"identifier\" type=\"xs:string\"/>\r\n                </xs:extension>\r\n            </xs:simpleContent>\r\n        </xs:complexType>\r\n    </xs:element>\r\n    <xs:element name=\"filedesc\">\r\n        <xs:complexType>\r\n            <xs:sequence>\r\n                <xs:element ref=\"titlestmt\"/>\r\n                <xs:element minOccurs=\"0\" ref=\"editionstmt\"/>\r\n                <xs:element minOccurs=\"0\" ref=\"publicationstmt\"/>\r\n                <xs:element minOccurs=\"0\" ref=\"seriesstmt\"/>\r\n                <xs:element minOccurs=\"0\" ref=\"notestmt\"/>\r\n            </xs:sequence>\r\n            <xs:attributeGroup ref=\"a.common\"/>\r\n            <xs:attributeGroup ref=\"am.filedesc.encodinganalog\"/>\r\n        </xs:complexType>\r\n    </xs:element>\r\n    <xs:element name=\"titlestmt\">\r\n        <xs:complexType>\r\n            <xs:sequence>\r\n                <xs:element maxOccurs=\"unbounded\" ref=\"titleproper\"/>\r\n                <xs:element maxOccurs=\"unbounded\" minOccurs=\"0\" ref=\"subtitle\"/>\r\n                <xs:element minOccurs=\"0\" ref=\"author\"/>\r\n                <xs:element minOccurs=\"0\" ref=\"sponsor\"/>\r\n            </xs:sequence>\r\n            <xs:attributeGroup ref=\"a.common\"/>\r\n            <xs:attributeGroup ref=\"am.titlestmt.encodinganalog\"/>\r\n        </xs:complexType>\r\n    </xs:element>\r\n    <xs:element name=\"titleproper\">\r\n        <xs:complexType mixed=\"true\">\r\n            <xs:choice maxOccurs=\"unbounded\" minOccurs=\"0\">\r\n                <xs:group ref=\"m.phrase.bare\"/>\r\n                <xs:element ref=\"abbr\"/>\r\n                <xs:element ref=\"date\"/>\r\n                <xs:element ref=\"expan\"/>\r\n                <xs:element ref=\"num\"/>\r\n            </xs:choice>\r\n            <xs:attributeGroup ref=\"a.common\"/>\r\n            <xs:attributeGroup ref=\"av.render\"/>\r\n            <!-- <xs:attribute name=\"render\">\r\n                <xs:simpleType>\r\n                    <xs:restriction base=\"xs:string\">\r\n                        <xs:enumeration value=\"%av.render;\"/>\r\n                    </xs:restriction>\r\n                </xs:simpleType>\r\n            </xs:attribute> -->\r\n            <xs:attributeGroup ref=\"am.titleproper.type\"/>\r\n            <xs:attributeGroup ref=\"am.titleproper.encodinganalog\"/>\r\n        </xs:complexType>\r\n    </xs:element>\r\n    <xs:element name=\"subtitle\">\r\n        <xs:complexType mixed=\"true\">\r\n            <xs:choice maxOccurs=\"unbounded\" minOccurs=\"0\">\r\n                <xs:group ref=\"m.phrase.bare\"/>\r\n                <xs:element ref=\"abbr\"/>\r\n                <xs:element ref=\"date\"/>\r\n                <xs:element ref=\"expan\"/>\r\n                <xs:element ref=\"num\"/>\r\n            </xs:choice>\r\n            <xs:attributeGroup ref=\"a.common\"/>\r\n            <xs:attributeGroup ref=\"am.subtitle.encodinganalog\"/>\r\n        </xs:complexType>\r\n    </xs:element>\r\n    <xs:element name=\"author\">\r\n        <xs:complexType mixed=\"true\">\r\n            <xs:choice maxOccurs=\"unbounded\" minOccurs=\"0\">\r\n                <xs:group ref=\"m.phrase.bare\"/>\r\n            </xs:choice>\r\n            <xs:attributeGroup ref=\"a.common\"/>\r\n            <xs:attributeGroup ref=\"am.author.encodinganalog\"/>\r\n        </xs:complexType>\r\n    </xs:element>\r\n    <xs:element name=\"sponsor\">\r\n        <xs:complexType mixed=\"true\">\r\n            <xs:choice maxOccurs=\"unbounded\" minOccurs=\"0\">\r\n                <xs:group ref=\"m.phrase.bare\"/>\r\n            </xs:choice>\r\n            <xs:attributeGroup ref=\"a.common\"/>\r\n            <xs:attributeGroup ref=\"am.sponsor.encodinganalog\"/>\r\n        </xs:complexType>\r\n    </xs:element>\r\n    <xs:element name=\"editionstmt\">\r\n        <xs:complexType>\r\n            <xs:choice maxOccurs=\"unbounded\">\r\n                <xs:element ref=\"edition\"/>\r\n                <xs:element ref=\"p\"/>\r\n            </xs:choice>\r\n            <xs:attributeGroup ref=\"a.common\"/>\r\n            <xs:attributeGroup ref=\"am.editionstmt.encodinganalog\"/>\r\n        </xs:complexType>\r\n    </xs:element>\r\n    <xs:element name=\"publicationstmt\">\r\n        <xs:complexType>\r\n            <xs:choice maxOccurs=\"unbounded\">\r\n                <xs:element ref=\"publisher\"/>\r\n                <xs:element ref=\"date\"/>\r\n                <xs:element ref=\"address\"/>\r\n                <xs:element ref=\"num\"/>\r\n                <xs:element ref=\"p\"/>\r\n            </xs:choice>\r\n            <xs:attributeGroup ref=\"a.common\"/>\r\n            <xs:attributeGroup ref=\"am.publicationstmt.encodinganalog\"/>\r\n        </xs:complexType>\r\n    </xs:element>\r\n    <xs:element name=\"seriesstmt\">\r\n        <xs:complexType>\r\n            <xs:choice maxOccurs=\"unbounded\">\r\n                <xs:element ref=\"titleproper\"/>\r\n                <xs:element ref=\"num\"/>\r\n                <xs:element ref=\"p\"/>\r\n            </xs:choice>\r\n            <xs:attributeGroup ref=\"a.common\"/>\r\n            <xs:attributeGroup ref=\"am.seriesstmt.encodinganalog\"/>\r\n        </xs:complexType>\r\n    </xs:element>\r\n    <xs:element name=\"notestmt\">\r\n        <xs:complexType>\r\n            <xs:sequence maxOccurs=\"unbounded\">\r\n                <xs:element ref=\"note\"/>\r\n            </xs:sequence>\r\n            <xs:attributeGroup ref=\"a.common\"/>\r\n            <xs:attributeGroup ref=\"am.notestmt.encodinganalog\"/>\r\n        </xs:complexType>\r\n    </xs:element>\r\n    <xs:element name=\"profiledesc\">\r\n        <xs:complexType>\r\n            <xs:sequence>\r\n                <xs:element minOccurs=\"0\" ref=\"creation\"/>\r\n                <xs:element minOccurs=\"0\" ref=\"langusage\"/>\r\n                <xs:element minOccurs=\"0\" ref=\"descrules\"/>\r\n            </xs:sequence>\r\n            <xs:attributeGroup ref=\"a.common\"/>\r\n            <xs:attributeGroup ref=\"am.profiledesc.encodinganalog\"/>\r\n        </xs:complexType>\r\n    </xs:element>\r\n    <xs:element name=\"creation\">\r\n        <xs:complexType mixed=\"true\">\r\n            <xs:choice maxOccurs=\"unbounded\" minOccurs=\"0\">\r\n                <xs:group ref=\"m.phrase.basic\"/>\r\n                <xs:element ref=\"date\"/>\r\n            </xs:choice>\r\n            <xs:attributeGroup ref=\"a.common\"/>\r\n            <xs:attributeGroup ref=\"am.creation.encodinganalog\"/>\r\n        </xs:complexType>\r\n    </xs:element>\r\n    <xs:element name=\"langusage\">\r\n        <xs:complexType mixed=\"true\">\r\n            <xs:choice maxOccurs=\"unbounded\" minOccurs=\"0\">\r\n                <xs:group ref=\"m.phrase.basic\"/>\r\n                <xs:element ref=\"language\"/>\r\n            </xs:choice>\r\n            <xs:attributeGroup ref=\"a.common\"/>\r\n            <xs:attributeGroup ref=\"am.langusage.encodinganalog\"/>\r\n        </xs:complexType>\r\n    </xs:element>\r\n    <xs:element name=\"descrules\">\r\n        <xs:complexType mixed=\"true\">\r\n            <xs:choice maxOccurs=\"unbounded\" minOccurs=\"0\">\r\n                <xs:group ref=\"m.phrase.basic\"/>\r\n            </xs:choice>\r\n            <xs:attributeGroup ref=\"a.common\"/>\r\n            <xs:attributeGroup ref=\"am.descrules.encodinganalog\"/>\r\n        </xs:complexType>\r\n    </xs:element>\r\n    <xs:element name=\"revisiondesc\">\r\n        <xs:complexType>\r\n            <xs:choice>\r\n                <xs:element ref=\"list\"/>\r\n                <xs:element maxOccurs=\"unbounded\" ref=\"change\"/>\r\n            </xs:choice>\r\n            <xs:attributeGroup ref=\"a.common\"/>\r\n            <xs:attributeGroup ref=\"am.revisiondesc.encodinganalog\"/>\r\n        </xs:complexType>\r\n    </xs:element>\r\n    <xs:element name=\"change\">\r\n        <xs:complexType>\r\n            <xs:sequence>\r\n                <xs:element ref=\"date\"/>\r\n                <xs:element maxOccurs=\"unbounded\" ref=\"item\"/>\r\n            </xs:sequence>\r\n            <xs:attributeGroup ref=\"a.common\"/>\r\n            <xs:attributeGroup ref=\"am.change.encodinganalog\"/>\r\n        </xs:complexType>\r\n    </xs:element>\r\n    <xs:element name=\"frontmatter\">\r\n        <xs:complexType>\r\n            <xs:sequence>\r\n                <xs:element minOccurs=\"0\" ref=\"titlepage\"/>\r\n                <xs:element maxOccurs=\"unbounded\" minOccurs=\"0\" ref=\"div\"/>\r\n            </xs:sequence>\r\n            <xs:attributeGroup ref=\"a.common\"/>\r\n        </xs:complexType>\r\n    </xs:element>\r\n    <xs:element name=\"titlepage\">\r\n        <xs:complexType>\r\n            <xs:choice maxOccurs=\"unbounded\">\r\n                <xs:group ref=\"m.blocks\"/>\r\n                <xs:element ref=\"author\"/>\r\n                <xs:element ref=\"date\"/>\r\n                <xs:element ref=\"edition\"/>\r\n                <xs:element ref=\"num\"/>\r\n                <xs:element ref=\"publisher\"/>\r\n                <xs:element ref=\"bibseries\"/>\r\n                <xs:element ref=\"sponsor\"/>\r\n                <xs:element ref=\"titleproper\"/>\r\n                <xs:element ref=\"subtitle\"/>\r\n            </xs:choice>\r\n            <xs:attributeGroup ref=\"a.common\"/>\r\n        </xs:complexType>\r\n    </xs:element>\r\n    <xs:element name=\"div\">\r\n        <xs:complexType>\r\n            <xs:sequence>\r\n                <xs:element minOccurs=\"0\" ref=\"head\"/>\r\n                <xs:sequence maxOccurs=\"unbounded\" minOccurs=\"0\">\r\n                    <xs:group ref=\"m.blocks\"/>\r\n                </xs:sequence>\r\n                <xs:element maxOccurs=\"unbounded\" minOccurs=\"0\" ref=\"div\"/>\r\n            </xs:sequence>\r\n            <xs:attributeGroup ref=\"a.common\"/>\r\n        </xs:complexType>\r\n    </xs:element>\r\n    <xs:element name=\"archdesc\">\r\n        <xs:complexType>\r\n            <xs:sequence>\r\n                <xs:element maxOccurs=\"unbounded\" minOccurs=\"0\" ref=\"runner\"/>\r\n                <xs:element ref=\"did\"/>\r\n                <xs:sequence maxOccurs=\"unbounded\" minOccurs=\"0\">\r\n                    <xs:group ref=\"m.desc.full\"/>\r\n                </xs:sequence>\r\n            </xs:sequence>\r\n            <xs:attributeGroup ref=\"a.desc.top\"/>\r\n            <xs:attributeGroup ref=\"am.archdesc.type\"/>\r\n            <xs:attributeGroup ref=\"am.archdesc.relatedencoding\"/>\r\n        </xs:complexType>\r\n    </xs:element>\r\n    <xs:element name=\"archdescgrp\">\r\n        <xs:complexType>\r\n            <xs:sequence>\r\n                <xs:element maxOccurs=\"unbounded\" minOccurs=\"0\" ref=\"runner\"/>\r\n                <xs:element ref=\"did\"/>\r\n                <xs:choice maxOccurs=\"unbounded\" minOccurs=\"0\">\r\n                    <xs:group ref=\"m.desc.base\"/>\r\n                    <xs:element ref=\"dscgrp\"/>\r\n                    <xs:element ref=\"dao\"/>\r\n                    <xs:element ref=\"daogrp\"/>\r\n                    <xs:element ref=\"note\"/>\r\n                </xs:choice>\r\n            </xs:sequence>\r\n            <xs:attributeGroup ref=\"a.desc.top\"/>\r\n            <xs:attributeGroup ref=\"am.archdescgrp.type\"/>\r\n            <xs:attributeGroup ref=\"am.archdescgrp.relatedencoding\"/>\r\n        </xs:complexType>\r\n    </xs:element>\r\n    <xs:element name=\"runner\">\r\n        <xs:complexType mixed=\"true\">\r\n            <xs:choice maxOccurs=\"unbounded\" minOccurs=\"0\">\r\n                <xs:group ref=\"m.phrase.bare\"/>\r\n            </xs:choice>\r\n            <xs:attributeGroup ref=\"a.common\"/>\r\n            <xs:attribute name=\"placement\">\r\n                <xs:simpleType>\r\n                    <xs:restriction base=\"xs:string\">\r\n                        <xs:enumeration value=\"header\"/>\r\n                        <xs:enumeration value=\"footer\"/>\r\n                        <xs:enumeration value=\"watermark\"/>\r\n                    </xs:restriction>\r\n                </xs:simpleType>\r\n            </xs:attribute>\r\n        </xs:complexType>\r\n    </xs:element>\r\n    <xs:element name=\"did\">\r\n        <xs:complexType>\r\n            <xs:sequence>\r\n                <xs:element minOccurs=\"0\" ref=\"head\"/>\r\n                <xs:sequence maxOccurs=\"unbounded\">\r\n                    <xs:group ref=\"m.did\"/>\r\n                </xs:sequence>\r\n            </xs:sequence>\r\n            <xs:attributeGroup ref=\"a.common\"/>\r\n            <xs:attributeGroup ref=\"am.did.encodinganalog\"/>\r\n        </xs:complexType>\r\n    </xs:element>\r\n    <xs:element name=\"physdesc\">\r\n        <xs:complexType mixed=\"true\">\r\n            <xs:choice maxOccurs=\"unbounded\" minOccurs=\"0\">\r\n                <xs:group ref=\"m.phrase.basic\"/>\r\n                <xs:element ref=\"dimensions\"/>\r\n                <xs:element ref=\"physfacet\"/>\r\n                <xs:element ref=\"extent\"/>\r\n                <xs:element ref=\"date\"/>\r\n                <xs:group ref=\"m.access\"/>\r\n            </xs:choice>\r\n            <xs:attributeGroup ref=\"a.common\"/>\r\n            <xs:attributeGroup ref=\"am.physdesc.label\"/>\r\n            <xs:attributeGroup ref=\"am.physdesc.encodinganalog\"/>\r\n            <xs:attributeGroup ref=\"am.physdesc.source\"/>\r\n            <xs:attributeGroup ref=\"am.physdesc.rules\"/>\r\n        </xs:complexType>\r\n    </xs:element>\r\n    <xs:element name=\"dimensions\">\r\n        <xs:complexType mixed=\"true\">\r\n            <xs:choice maxOccurs=\"unbounded\" minOccurs=\"0\">\r\n                <xs:group ref=\"m.phrase.basic\"/>\r\n                <xs:element ref=\"dimensions\"/>\r\n            </xs:choice>\r\n            <xs:attributeGroup ref=\"a.common\"/>\r\n            <xs:attributeGroup ref=\"am.dimensions.label\"/>\r\n            <xs:attributeGroup ref=\"am.dimensions.type\"/>\r\n            <xs:attributeGroup ref=\"am.dimensions.unit\"/>\r\n            <xs:attributeGroup ref=\"am.dimensions.encodinganalog\"/>\r\n        </xs:complexType>\r\n    </xs:element>\r\n    <xs:element name=\"physfacet\">\r\n        <xs:complexType mixed=\"true\">\r\n            <xs:choice maxOccurs=\"unbounded\" minOccurs=\"0\">\r\n                <xs:group ref=\"m.phrase.basic\"/>\r\n                <xs:group ref=\"m.access\"/>\r\n                <xs:element ref=\"date\"/>\r\n            </xs:choice>\r\n            <xs:attributeGroup ref=\"a.common\"/>\r\n            <xs:attributeGroup ref=\"am.physfacet.label\"/>\r\n            <xs:attributeGroup ref=\"am.physfacet.type\"/>\r\n            <xs:attributeGroup ref=\"am.physfacet.unit\"/>\r\n            <xs:attributeGroup ref=\"am.physfacet.source\"/>\r\n            <xs:attributeGroup ref=\"am.physfacet.rules\"/>\r\n            <xs:attributeGroup ref=\"am.physfacet.encodinganalog\"/>\r\n        </xs:complexType>\r\n    </xs:element>\r\n    <xs:element name=\"extent\">\r\n        <xs:complexType mixed=\"true\">\r\n            <xs:choice maxOccurs=\"unbounded\" minOccurs=\"0\">\r\n                <xs:group ref=\"m.phrase.basic\"/>\r\n            </xs:choice>\r\n            <xs:attributeGroup ref=\"a.common\"/>\r\n            <xs:attributeGroup ref=\"am.extent.label\"/>\r\n            <xs:attributeGroup ref=\"am.extent.type\"/>\r\n            <xs:attributeGroup ref=\"am.extent.unit\"/>\r\n            <xs:attributeGroup ref=\"am.extent.encodinganalog\"/>\r\n        </xs:complexType>\r\n    </xs:element>\r\n    <xs:element name=\"origination\">\r\n        <xs:complexType mixed=\"true\">\r\n            <xs:choice maxOccurs=\"unbounded\" minOccurs=\"0\">\r\n                <xs:group ref=\"m.phrase.basic\"/>\r\n                <xs:element ref=\"corpname\"/>\r\n                <xs:element ref=\"famname\"/>\r\n                <xs:element ref=\"name\"/>\r\n                <xs:element ref=\"persname\"/>\r\n            </xs:choice>\r\n            <xs:attributeGroup ref=\"a.common\"/>\r\n            <xs:attributeGroup ref=\"am.origination.label\"/>\r\n            <xs:attributeGroup ref=\"am.origination.encodinganalog\"/>\r\n        </xs:complexType>\r\n    </xs:element>\r\n    <xs:element name=\"repository\">\r\n        <xs:complexType mixed=\"true\">\r\n            <xs:choice maxOccurs=\"unbounded\" minOccurs=\"0\">\r\n                <xs:group ref=\"m.phrase.basic\"/>\r\n                <xs:element ref=\"address\"/>\r\n                <xs:element ref=\"corpname\"/>\r\n                <xs:element ref=\"name\"/>\r\n                <xs:element ref=\"subarea\"/>\r\n            </xs:choice>\r\n            <xs:attributeGroup ref=\"a.common\"/>\r\n            <xs:attributeGroup ref=\"am.repository.label\"/>\r\n            <xs:attributeGroup ref=\"am.repository.encodinganalog\"/>\r\n        </xs:complexType>\r\n    </xs:element>\r\n    <xs:element name=\"subarea\">\r\n        <xs:complexType mixed=\"true\">\r\n            <xs:choice maxOccurs=\"unbounded\" minOccurs=\"0\">\r\n                <xs:group ref=\"m.phrase.bare\"/>\r\n            </xs:choice>\r\n            <xs:attributeGroup ref=\"a.common\"/>\r\n            <xs:attributeGroup ref=\"am.subarea.encodinganalog\"/>\r\n        </xs:complexType>\r\n    </xs:element>\r\n    <xs:element name=\"unitdate\">\r\n        <xs:complexType mixed=\"true\">\r\n            <xs:choice maxOccurs=\"unbounded\" minOccurs=\"0\">\r\n                <xs:group ref=\"m.phrase.basic\"/>\r\n            </xs:choice>\r\n            <xs:attributeGroup ref=\"a.common\"/>\r\n            <xs:attributeGroup ref=\"am.unitdate.label\"/>\r\n            <xs:attribute name=\"type\">\r\n                <xs:simpleType>\r\n                    <xs:restriction base=\"xs:string\">\r\n                        <xs:enumeration value=\"bulk\"/>\r\n                        <xs:enumeration value=\"inclusive\"/>\r\n                    </xs:restriction>\r\n                </xs:simpleType>\r\n            </xs:attribute>\r\n            <xs:attributeGroup ref=\"am.unitdate.datechar\"/>\r\n            <xs:attributeGroup ref=\"am.date.era\"/>\r\n            <xs:attributeGroup ref=\"am.date.calendar\"/>\r\n            <xs:attribute name=\"normal\" type=\"xs:string\"/>\r\n            <xs:attributeGroup ref=\"am.unitdate.certainty\"/>\r\n            <xs:attributeGroup ref=\"am.unitdate.encodinganalog\"/>\r\n        </xs:complexType>\r\n    </xs:element>\r\n    <xs:element name=\"unitid\">\r\n        <xs:complexType mixed=\"true\">\r\n            <xs:choice maxOccurs=\"unbounded\" minOccurs=\"0\">\r\n                <xs:group ref=\"m.phrase.basic\"/>\r\n            </xs:choice>\r\n            <xs:attributeGroup ref=\"a.common\"/>\r\n	    <xs:attributeGroup ref=\"am.unitid.encodinganalog\"/>\r\n            <xs:attributeGroup ref=\"am.unitid.label\"/>\r\n            <xs:attributeGroup ref=\"am.unitid.type\"/>\r\n            <xs:attributeGroup ref=\"am.unitid.countrycode\"/>\r\n            <xs:attributeGroup ref=\"am.unitid.repositorycode\"/>\r\n            <xs:attribute name=\"identifier\" type=\"xs:string\"/>\r\n        </xs:complexType>\r\n    </xs:element>\r\n    <xs:element name=\"container\">\r\n        <xs:complexType mixed=\"true\">\r\n            <xs:choice maxOccurs=\"unbounded\" minOccurs=\"0\">\r\n                <xs:group ref=\"m.phrase.basic\"/>\r\n            </xs:choice>\r\n            <xs:attributeGroup ref=\"a.common\"/>\r\n            <xs:attributeGroup ref=\"am.container.label\"/>\r\n            <xs:attributeGroup ref=\"am.container.type\"/>\r\n            <xs:attributeGroup ref=\"am.container.encodinganalog\"/>\r\n            <xs:attribute name=\"parent\" type=\"xs:IDREFS\"/>\r\n        </xs:complexType>\r\n    </xs:element>\r\n    <xs:element name=\"physloc\">\r\n        <xs:complexType mixed=\"true\">\r\n            <xs:choice maxOccurs=\"unbounded\" minOccurs=\"0\">\r\n                <xs:group ref=\"m.phrase.basic\"/>\r\n            </xs:choice>\r\n            <xs:attributeGroup ref=\"a.common\"/>\r\n            <xs:attributeGroup ref=\"am.physloc.label\"/>\r\n            <xs:attributeGroup ref=\"am.physloc.type\"/>\r\n            <xs:attributeGroup ref=\"am.physloc.encodinganalog\"/>\r\n            <xs:attribute name=\"parent\" type=\"xs:IDREFS\"/>\r\n        </xs:complexType>\r\n    </xs:element>\r\n    <xs:element name=\"unittitle\">\r\n        <xs:complexType mixed=\"true\">\r\n            <xs:choice maxOccurs=\"unbounded\" minOccurs=\"0\">\r\n                <xs:group ref=\"m.phrase.basic\"/>\r\n                <xs:group ref=\"m.access\"/>\r\n                <xs:element ref=\"unitdate\"/>\r\n                <xs:element ref=\"num\"/>\r\n                <xs:element ref=\"date\"/>\r\n                <xs:element ref=\"bibseries\"/>\r\n                <xs:element ref=\"edition\"/>\r\n                <xs:element ref=\"imprint\"/>\r\n            </xs:choice>\r\n            <xs:attributeGroup ref=\"a.common\"/>\r\n            <xs:attributeGroup ref=\"am.unittitle.label\"/>\r\n            <xs:attributeGroup ref=\"am.unittitle.encodinganalog\"/>\r\n            <xs:attributeGroup ref=\"am.unittitle.type\"/>\r\n        </xs:complexType>\r\n    </xs:element>\r\n    <xs:element name=\"abstract\">\r\n        <xs:complexType mixed=\"true\">\r\n            <xs:choice maxOccurs=\"unbounded\" minOccurs=\"0\">\r\n                <xs:group ref=\"m.phrase.basic\"/>\r\n            </xs:choice>\r\n            <xs:attributeGroup ref=\"a.common\"/>\r\n            <xs:attributeGroup ref=\"am.abstract.label\"/>\r\n            <xs:attributeGroup ref=\"am.abstract.encodinganalog\"/>\r\n            <xs:attributeGroup ref=\"am.abstract.type\"/>\r\n            <xs:attributeGroup ref=\"am.abstract.langcode\"/>\r\n        </xs:complexType>\r\n    </xs:element>\r\n    <xs:element name=\"langmaterial\">\r\n        <xs:complexType mixed=\"true\">\r\n            <xs:choice maxOccurs=\"unbounded\" minOccurs=\"0\">\r\n                <xs:group ref=\"m.phrase.basic\"/>\r\n                <xs:element ref=\"language\"/>\r\n            </xs:choice>\r\n            <xs:attributeGroup ref=\"a.common\"/>\r\n            <xs:attributeGroup ref=\"am.langmaterial.label\"/>\r\n            <xs:attributeGroup ref=\"am.langmaterial.encodinganalog\"/>\r\n        </xs:complexType>\r\n    </xs:element>\r\n    <xs:element name=\"language\">\r\n        <xs:complexType mixed=\"true\">\r\n            <xs:choice maxOccurs=\"unbounded\" minOccurs=\"0\">\r\n                <xs:group ref=\"m.phrase.bare\"/>\r\n            </xs:choice>\r\n            <xs:attributeGroup ref=\"a.common\"/>\r\n            <xs:attributeGroup ref=\"am.language.langcode\"/>\r\n            <xs:attributeGroup ref=\"am.language.scriptcode\"/>\r\n            <xs:attributeGroup ref=\"am.language.encodinganalog\"/>\r\n        </xs:complexType>\r\n    </xs:element>\r\n    <xs:element name=\"materialspec\">\r\n        <xs:complexType mixed=\"true\">\r\n            <xs:choice maxOccurs=\"unbounded\" minOccurs=\"0\">\r\n                <xs:group ref=\"m.phrase.basic\"/>\r\n                <xs:element ref=\"num\"/>\r\n                <xs:element ref=\"materialspec\"/>\r\n            </xs:choice>\r\n            <xs:attributeGroup ref=\"a.common\"/>\r\n            <xs:attributeGroup ref=\"am.materialspec.label\"/>\r\n            <xs:attributeGroup ref=\"am.materialspec.type\"/>\r\n            <xs:attributeGroup ref=\"am.materialspec.encodinganalog\"/>\r\n        </xs:complexType>\r\n    </xs:element>\r\n    <xs:element name=\"descgrp\">\r\n        <xs:complexType>\r\n            <xs:sequence>\r\n                <xs:element minOccurs=\"0\" ref=\"head\"/>\r\n                <xs:choice maxOccurs=\"unbounded\">\r\n                    <xs:group ref=\"m.blocks\"/>\r\n                    <xs:group ref=\"m.desc.base\"/>\r\n                </xs:choice>\r\n            </xs:sequence>\r\n            <xs:attributeGroup ref=\"a.common\"/>\r\n            <xs:attributeGroup ref=\"am.descgrp.type\"/>\r\n            <xs:attributeGroup ref=\"am.descgrp.encodinganalog\"/>\r\n        </xs:complexType>\r\n    </xs:element>\r\n<!--    <xs:element name=\"admininfo\">\r\n        <xs:complexType>\r\n            <xs:sequence>\r\n                <xs:element minOccurs=\"0\" ref=\"head\"/>\r\n                <xs:choice maxOccurs=\"unbounded\">\r\n                    <xs:group ref=\"m.blocks\"/>\r\n                    <xs:element ref=\"accessrestrict\"/>\r\n                    <xs:element ref=\"acqinfo\"/>\r\n                    <xs:element ref=\"altformavail\"/>\r\n                    <xs:element ref=\"appraisal\"/>\r\n                    <xs:element ref=\"custodhist\"/>\r\n                    <xs:element ref=\"prefercite\"/>\r\n                    <xs:element ref=\"processinfo\"/>\r\n                    <xs:element ref=\"userestrict\"/>\r\n                    <xs:element ref=\"accruals\"/>\r\n                    <xs:element ref=\"admininfo\"/>\r\n                </xs:choice>\r\n            </xs:sequence>\r\n            <xs:attributeGroup ref=\"a.common\"/>\r\n            <xs:attribute name=\"type\" type=\"xs:string\"/>\r\n            <xs:attribute name=\"encodinganalog\" type=\"xs:string\"/>\r\n        </xs:complexType>\r\n    </xs:element> -->\r\n    <xs:element name=\"accruals\">\r\n        <xs:complexType>\r\n            <xs:sequence>\r\n                <xs:element minOccurs=\"0\" ref=\"head\"/>\r\n                <xs:choice maxOccurs=\"unbounded\">\r\n                    <xs:group ref=\"m.blocks\"/>\r\n                    <xs:element ref=\"accruals\"/>\r\n                </xs:choice>\r\n            </xs:sequence>\r\n            <xs:attributeGroup ref=\"a.common\"/>\r\n            <xs:attributeGroup ref=\"am.accruals.encodinganalog\"/>\r\n        </xs:complexType>\r\n    </xs:element>\r\n    <xs:element name=\"accessrestrict\">\r\n        <xs:complexType>\r\n            <xs:sequence>\r\n                <xs:element minOccurs=\"0\" ref=\"head\"/>\r\n                <xs:choice maxOccurs=\"unbounded\">\r\n                    <xs:group ref=\"m.blocks\"/>\r\n                    <xs:element ref=\"legalstatus\"/>\r\n                    <xs:element ref=\"accessrestrict\"/>\r\n                </xs:choice>\r\n            </xs:sequence>\r\n            <xs:attributeGroup ref=\"a.common\"/>\r\n            <xs:attributeGroup ref=\"am.accessrestrict.encodinganalog\"/>\r\n            <xs:attributeGroup ref=\"am.accessrestrict.type\"/>\r\n        </xs:complexType>\r\n    </xs:element>\r\n    <xs:element name=\"legalstatus\">\r\n        <xs:complexType mixed=\"true\">\r\n            <xs:choice maxOccurs=\"unbounded\" minOccurs=\"0\">\r\n                <xs:group ref=\"m.phrase.bare\"/>\r\n                <xs:element ref=\"date\"/>\r\n            </xs:choice>\r\n            <xs:attributeGroup ref=\"a.common\"/>\r\n            <xs:attributeGroup ref=\"am.legalstatus.type\"/>\r\n        </xs:complexType>\r\n    </xs:element>\r\n    <xs:element name=\"acqinfo\">\r\n        <xs:complexType>\r\n            <xs:sequence>\r\n                <xs:element minOccurs=\"0\" ref=\"head\"/>\r\n                <xs:choice maxOccurs=\"unbounded\">\r\n                    <xs:group ref=\"m.blocks\"/>\r\n                    <xs:element ref=\"acqinfo\"/>\r\n                </xs:choice>\r\n            </xs:sequence>\r\n            <xs:attributeGroup ref=\"a.common\"/>\r\n            <xs:attributeGroup ref=\"am.acqinfo.encodinganalog\"/>\r\n        </xs:complexType>\r\n    </xs:element>\r\n    <xs:element name=\"altformavail\">\r\n        <xs:complexType>\r\n            <xs:sequence>\r\n                <xs:element minOccurs=\"0\" ref=\"head\"/>\r\n                <xs:choice maxOccurs=\"unbounded\">\r\n                    <xs:group ref=\"m.blocks\"/>\r\n                    <xs:element ref=\"altformavail\"/>\r\n                </xs:choice>\r\n            </xs:sequence>\r\n            <xs:attributeGroup ref=\"a.common\"/>\r\n            <xs:attributeGroup ref=\"am.altformavail.encodinganalog\"/>\r\n            <xs:attributeGroup ref=\"am.altformavail.type\"/>\r\n        </xs:complexType>\r\n    </xs:element>\r\n    <xs:element name=\"originalsloc\">\r\n        <xs:complexType>\r\n            <xs:sequence>\r\n                <xs:element minOccurs=\"0\" ref=\"head\"/>\r\n                <xs:choice maxOccurs=\"unbounded\">\r\n                    <xs:group ref=\"m.blocks\"/>\r\n                    <xs:element ref=\"originalsloc\"/>\r\n                </xs:choice>\r\n            </xs:sequence>\r\n            <xs:attributeGroup ref=\"a.common\"/>\r\n            <xs:attributeGroup ref=\"am.originalsloc.encodinganalog\"/>\r\n            <xs:attributeGroup ref=\"am.originalsloc.type\"/>\r\n        </xs:complexType>\r\n    </xs:element>\r\n    <xs:element name=\"phystech\">\r\n        <xs:complexType>\r\n            <xs:sequence>\r\n                <xs:element minOccurs=\"0\" ref=\"head\"/>\r\n                <xs:choice maxOccurs=\"unbounded\">\r\n                    <xs:group ref=\"m.blocks\"/>\r\n                    <xs:element ref=\"phystech\"/>\r\n                </xs:choice>\r\n            </xs:sequence>\r\n            <xs:attributeGroup ref=\"a.common\"/>\r\n            <xs:attributeGroup ref=\"am.phystech.encodinganalog\"/>\r\n            <xs:attributeGroup ref=\"am.phystech.type\"/>\r\n        </xs:complexType>\r\n    </xs:element>\r\n    <xs:element name=\"appraisal\">\r\n        <xs:complexType>\r\n            <xs:sequence>\r\n                <xs:element minOccurs=\"0\" ref=\"head\"/>\r\n                <xs:choice maxOccurs=\"unbounded\">\r\n                    <xs:group ref=\"m.blocks\"/>\r\n                    <xs:element ref=\"appraisal\"/>\r\n                </xs:choice>\r\n            </xs:sequence>\r\n            <xs:attributeGroup ref=\"a.common\"/>\r\n            <xs:attributeGroup ref=\"am.appraisal.encodinganalog\"/>\r\n        </xs:complexType>\r\n    </xs:element>\r\n    <xs:element name=\"custodhist\">\r\n        <xs:complexType>\r\n            <xs:sequence>\r\n                <xs:element minOccurs=\"0\" ref=\"head\"/>\r\n                <xs:choice maxOccurs=\"unbounded\">\r\n                    <xs:group ref=\"m.blocks\"/>\r\n                    <xs:element ref=\"custodhist\"/>\r\n                    <xs:element ref=\"acqinfo\"/>\r\n                </xs:choice>\r\n            </xs:sequence>\r\n            <xs:attributeGroup ref=\"a.common\"/>\r\n            <xs:attributeGroup ref=\"am.custodhist.encodinganalog\"/>\r\n        </xs:complexType>\r\n    </xs:element>\r\n    <xs:element name=\"prefercite\">\r\n        <xs:complexType>\r\n            <xs:sequence>\r\n                <xs:element minOccurs=\"0\" ref=\"head\"/>\r\n                <xs:choice maxOccurs=\"unbounded\">\r\n                    <xs:group ref=\"m.blocks\"/>\r\n                    <xs:element ref=\"prefercite\"/>\r\n                </xs:choice>\r\n            </xs:sequence>\r\n            <xs:attributeGroup ref=\"a.common\"/>\r\n            <xs:attributeGroup ref=\"am.prefercite.encodinganalog\"/>\r\n        </xs:complexType>\r\n    </xs:element>\r\n    <xs:element name=\"processinfo\">\r\n        <xs:complexType>\r\n            <xs:sequence>\r\n                <xs:element minOccurs=\"0\" ref=\"head\"/>\r\n                <xs:choice maxOccurs=\"unbounded\">\r\n                    <xs:group ref=\"m.blocks\"/>\r\n                    <xs:element ref=\"processinfo\"/>\r\n                </xs:choice>\r\n            </xs:sequence>\r\n            <xs:attributeGroup ref=\"a.common\"/>\r\n            <xs:attributeGroup ref=\"am.processinfo.type\"/>\r\n            <xs:attributeGroup ref=\"am.processinfo.encodinganalog\"/>\r\n        </xs:complexType>\r\n    </xs:element>\r\n    <xs:element name=\"userestrict\">\r\n        <xs:complexType>\r\n            <xs:sequence>\r\n                <xs:element minOccurs=\"0\" ref=\"head\"/>\r\n                <xs:choice maxOccurs=\"unbounded\">\r\n                    <xs:group ref=\"m.blocks\"/>\r\n                    <xs:element ref=\"userestrict\"/>\r\n                </xs:choice>\r\n            </xs:sequence>\r\n            <xs:attributeGroup ref=\"a.common\"/>\r\n            <xs:attributeGroup ref=\"am.userestrict.encodinganalog\"/>\r\n            <xs:attributeGroup ref=\"am.userestrict.type\"/>\r\n        </xs:complexType>\r\n    </xs:element>\r\n    <xs:element name=\"bioghist\">\r\n        <xs:complexType>\r\n            <xs:sequence>\r\n                <xs:element minOccurs=\"0\" ref=\"head\"/>\r\n                <xs:choice maxOccurs=\"unbounded\">\r\n                    <xs:group ref=\"m.blocks\"/>\r\n                    <xs:element ref=\"bioghist\"/>\r\n                    <xs:element ref=\"dao\"/>\r\n                    <xs:element ref=\"daogrp\"/>\r\n                </xs:choice>\r\n            </xs:sequence>\r\n            <xs:attributeGroup ref=\"a.common\"/>\r\n            <xs:attributeGroup ref=\"am.bioghist.encodinganalog\"/>\r\n        </xs:complexType>\r\n    </xs:element>\r\n    <xs:element name=\"controlaccess\">\r\n        <xs:complexType>\r\n            <xs:sequence>\r\n                <xs:element minOccurs=\"0\" ref=\"head\"/>\r\n                <xs:choice maxOccurs=\"unbounded\">\r\n                    <xs:group ref=\"m.blocks\"/>\r\n                    <xs:group ref=\"m.access.title\"/>\r\n                    <xs:element ref=\"controlaccess\"/>\r\n                </xs:choice>\r\n            </xs:sequence>\r\n            <xs:attributeGroup ref=\"a.common\"/>\r\n            <xs:attributeGroup ref=\"am.controlaccess.encodinganalog\"/>\r\n        </xs:complexType>\r\n    </xs:element>\r\n    <xs:element name=\"odd\">\r\n        <xs:complexType>\r\n            <xs:sequence>\r\n                <xs:element minOccurs=\"0\" ref=\"head\"/>\r\n                <xs:choice maxOccurs=\"unbounded\">\r\n                    <xs:group ref=\"m.blocks\"/>\r\n                    <xs:element ref=\"dao\"/>\r\n                    <xs:element ref=\"daogrp\"/>\r\n                    <xs:element ref=\"odd\"/>\r\n                </xs:choice>\r\n            </xs:sequence>\r\n            <xs:attributeGroup ref=\"a.common\"/>\r\n            <xs:attributeGroup ref=\"am.odd.type\"/>\r\n            <xs:attributeGroup ref=\"am.odd.encodinganalog\"/>\r\n        </xs:complexType>\r\n    </xs:element>\r\n    <xs:element name=\"scopecontent\">\r\n        <xs:complexType>\r\n            <xs:sequence>\r\n                <xs:element minOccurs=\"0\" ref=\"head\"/>\r\n                <xs:choice maxOccurs=\"unbounded\">\r\n                    <xs:group ref=\"m.scopecontent\"/>\r\n                    <xs:element ref=\"arrangement\"/>\r\n                    <xs:element ref=\"scopecontent\"/>\r\n                    <xs:element ref=\"dao\"/>\r\n                    <xs:element ref=\"daogrp\"/>\r\n                </xs:choice>\r\n            </xs:sequence>\r\n            <xs:attributeGroup ref=\"a.common\"/>\r\n            <xs:attributeGroup ref=\"am.scopecontent.encodinganalog\"/>\r\n        </xs:complexType>\r\n    </xs:element>\r\n    <xs:element name=\"arrangement\">\r\n        <xs:complexType>\r\n            <xs:sequence>\r\n                <xs:element minOccurs=\"0\" ref=\"head\"/>\r\n                <xs:choice maxOccurs=\"unbounded\">\r\n                    <xs:group ref=\"m.blocks\"/>\r\n                    <xs:element ref=\"arrangement\"/>\r\n                </xs:choice>\r\n            </xs:sequence>\r\n            <xs:attributeGroup ref=\"a.common\"/>\r\n            <xs:attributeGroup ref=\"am.arrangement.encodinganalog\"/>\r\n        </xs:complexType>\r\n    </xs:element>\r\n    <!-- <xs:element name=\"organization\">\r\n        <xs:complexType>\r\n            <xs:sequence>\r\n                <xs:element minOccurs=\"0\" ref=\"head\"/>\r\n                <xs:choice maxOccurs=\"unbounded\">\r\n                    <xs:group ref=\"m.blocks\"/>\r\n                    <xs:element ref=\"organization\"/>\r\n                </xs:choice>\r\n            </xs:sequence>\r\n            <xs:attributeGroup ref=\"a.common\"/>\r\n            <xs:attribute name=\"encodinganalog\" type=\"xs:string\"/>\r\n        </xs:complexType>\r\n    </xs:element> -->\r\n    <!-- <xs:element name=\"add\">\r\n        <xs:complexType>\r\n            <xs:sequence>\r\n                <xs:element minOccurs=\"0\" ref=\"head\"/>\r\n                <xs:choice maxOccurs=\"unbounded\">\r\n                    <xs:group ref=\"m.blocks\"/>\r\n                    <xs:element ref=\"bibliography\"/>\r\n                    <xs:element ref=\"fileplan\"/>\r\n                    <xs:element ref=\"index\"/>\r\n                    <xs:element ref=\"relatedmaterial\"/>\r\n                    <xs:element ref=\"separatedmaterial\"/>\r\n                    <xs:element ref=\"add\"/>\r\n                    <xs:element ref=\"otherfindaid\"/>\r\n                </xs:choice>\r\n            </xs:sequence>\r\n            <xs:attributeGroup ref=\"a.common\"/>\r\n            <xs:attribute name=\"type\" type=\"xs:string\"/>\r\n            <xs:attribute name=\"encodinganalog\" type=\"xs:string\"/>\r\n        </xs:complexType>\r\n    </xs:element> -->\r\n    <xs:element name=\"bibliography\">\r\n        <xs:complexType>\r\n            <xs:sequence>\r\n                <xs:element minOccurs=\"0\" ref=\"head\"/>\r\n                <xs:choice maxOccurs=\"unbounded\">\r\n                    <xs:group ref=\"m.blocks\"/>\r\n                    <xs:group ref=\"m.refs\"/>\r\n                    <xs:element ref=\"bibliography\"/>\r\n                </xs:choice>\r\n            </xs:sequence>\r\n            <xs:attributeGroup ref=\"a.common\"/>\r\n            <xs:attributeGroup ref=\"am.bibliography.encodinganalog\"/>\r\n        </xs:complexType>\r\n    </xs:element>\r\n    <xs:element name=\"fileplan\">\r\n        <xs:complexType>\r\n            <xs:sequence>\r\n                <xs:element minOccurs=\"0\" ref=\"head\"/>\r\n                <xs:choice maxOccurs=\"unbounded\">\r\n                    <xs:group ref=\"m.blocks\"/>\r\n                    <xs:element ref=\"fileplan\"/>\r\n                </xs:choice>\r\n            </xs:sequence>\r\n            <xs:attributeGroup ref=\"a.common\"/>\r\n            <xs:attributeGroup ref=\"am.fileplan.encodinganalog\"/>\r\n        </xs:complexType>\r\n    </xs:element>\r\n    <xs:element name=\"relatedmaterial\">\r\n        <xs:complexType>\r\n            <xs:sequence>\r\n                <xs:element minOccurs=\"0\" ref=\"head\"/>\r\n                <xs:choice maxOccurs=\"unbounded\">\r\n                    <xs:group ref=\"m.blocks\"/>\r\n                    <xs:group ref=\"m.refs\"/>\r\n                    <xs:element ref=\"relatedmaterial\"/>\r\n                </xs:choice>\r\n            </xs:sequence>\r\n            <xs:attributeGroup ref=\"a.common\"/>\r\n            <xs:attributeGroup ref=\"am.relatedmaterial.type\"/>\r\n            <xs:attributeGroup ref=\"am.relatedmaterial.encodinganalog\"/>\r\n        </xs:complexType>\r\n    </xs:element>\r\n    <xs:element name=\"separatedmaterial\">\r\n        <xs:complexType>\r\n            <xs:sequence>\r\n                <xs:element minOccurs=\"0\" ref=\"head\"/>\r\n                <xs:choice maxOccurs=\"unbounded\">\r\n                    <xs:group ref=\"m.blocks\"/>\r\n                    <xs:group ref=\"m.refs\"/>\r\n                    <xs:element ref=\"separatedmaterial\"/>\r\n                </xs:choice>\r\n            </xs:sequence>\r\n            <xs:attributeGroup ref=\"a.common\"/>\r\n            <xs:attributeGroup ref=\"am.separatedmaterial.type\"/>\r\n            <xs:attributeGroup ref=\"am.separatedmaterial.encodinganalog\"/>\r\n        </xs:complexType>\r\n    </xs:element>\r\n    <xs:element name=\"otherfindaid\">\r\n        <xs:complexType>\r\n            <xs:sequence>\r\n                <xs:element minOccurs=\"0\" ref=\"head\"/>\r\n                <xs:choice maxOccurs=\"unbounded\">\r\n                    <xs:group ref=\"m.blocks\"/>\r\n                    <xs:group ref=\"m.refs\"/>\r\n                    <xs:element ref=\"otherfindaid\"/>\r\n                </xs:choice>\r\n            </xs:sequence>\r\n            <xs:attributeGroup ref=\"a.common\"/>\r\n            <xs:attributeGroup ref=\"am.otherfindaid.encodinganalog\"/>\r\n        </xs:complexType>\r\n    </xs:element>\r\n    <xs:element name=\"index\">\r\n        <xs:complexType>\r\n            <xs:sequence>\r\n                <xs:element minOccurs=\"0\" ref=\"head\"/>\r\n                <xs:sequence maxOccurs=\"unbounded\" minOccurs=\"0\">\r\n                    <xs:group ref=\"m.blocks\"/>\r\n                </xs:sequence>\r\n                <xs:choice>\r\n                    <xs:sequence>\r\n                        <xs:element minOccurs=\"0\" ref=\"listhead\"/>\r\n                        <xs:element maxOccurs=\"unbounded\" ref=\"indexentry\"/>\r\n                    </xs:sequence>\r\n                    <xs:element maxOccurs=\"unbounded\" ref=\"index\"/>\r\n                </xs:choice>\r\n            </xs:sequence>\r\n            <xs:attributeGroup ref=\"a.common\"/>\r\n            <xs:attributeGroup ref=\"am.index.encodinganalog\"/>\r\n        </xs:complexType>\r\n    </xs:element>\r\n    <xs:element name=\"indexentry\">\r\n        <xs:complexType>\r\n            <xs:sequence>\r\n                <xs:choice>\r\n                    <xs:element ref=\"namegrp\"/>\r\n                    <xs:group ref=\"m.access.title\"/>\r\n                </xs:choice>\r\n                <xs:choice minOccurs=\"0\">\r\n                    <xs:element ref=\"ptrgrp\"/>\r\n                    <xs:element ref=\"ptr\"/>\r\n                    <xs:element ref=\"ref\"/>\r\n                </xs:choice>\r\n                <xs:element maxOccurs=\"unbounded\" minOccurs=\"0\" ref=\"indexentry\"/>\r\n            </xs:sequence>\r\n            <xs:attributeGroup ref=\"a.common\"/>\r\n        </xs:complexType>\r\n    </xs:element>\r\n    <xs:element name=\"namegrp\">\r\n        <xs:complexType>\r\n            <xs:choice maxOccurs=\"unbounded\">\r\n                <xs:group ref=\"m.access.title\"/>\r\n                <xs:element ref=\"note\"/>\r\n            </xs:choice>\r\n            <xs:attributeGroup ref=\"a.common\"/>\r\n        </xs:complexType>\r\n    </xs:element>\r\n    <xs:element name=\"ptrgrp\">\r\n        <xs:complexType>\r\n            <xs:choice maxOccurs=\"unbounded\">\r\n                <xs:element ref=\"ptr\"/>\r\n                <xs:element ref=\"ref\"/>\r\n            </xs:choice>\r\n            <xs:attributeGroup ref=\"a.common\"/>\r\n        </xs:complexType>\r\n    </xs:element>\r\n    <xs:element name=\"dsc\">\r\n        <xs:complexType>\r\n            <xs:sequence>\r\n                <xs:sequence>\r\n                    <xs:element minOccurs=\"0\" ref=\"head\"/>\r\n                    <xs:sequence maxOccurs=\"unbounded\" minOccurs=\"0\">\r\n                        <xs:group ref=\"m.blocks\"/>\r\n                    </xs:sequence>\r\n                </xs:sequence>\r\n                <xs:choice>\r\n                    <xs:sequence>\r\n                        <xs:element minOccurs=\"0\" ref=\"thead\"/>\r\n                        <xs:choice>\r\n                            <xs:sequence maxOccurs=\"unbounded\">\r\n                                <xs:element ref=\"c\"/>\r\n                                <xs:element minOccurs=\"0\" ref=\"thead\"/>\r\n                            </xs:sequence>\r\n                            <xs:sequence maxOccurs=\"unbounded\">\r\n                                <xs:element ref=\"c01\"/>\r\n                                <xs:element minOccurs=\"0\" ref=\"thead\"/>\r\n                            </xs:sequence>\r\n                        </xs:choice>\r\n                    </xs:sequence>\r\n                    <xs:element maxOccurs=\"unbounded\" minOccurs=\"0\" ref=\"dsc\"/>\r\n                </xs:choice>\r\n            </xs:sequence>\r\n            <xs:attributeGroup ref=\"a.common\"/>\r\n            <xs:attribute name=\"type\">\r\n                <xs:simpleType>\r\n                    <xs:restriction base=\"xs:string\">\r\n                        <xs:enumeration value=\"analyticover\"/>\r\n                        <xs:enumeration value=\"combined\"/>\r\n                        <xs:enumeration value=\"in-depth\"/>\r\n                        <xs:enumeration value=\"othertype\"/>\r\n                    </xs:restriction>\r\n                </xs:simpleType>\r\n            </xs:attribute>\r\n            <xs:attributeGroup ref=\"am.dsc.othertype\"/>\r\n            <xs:attributeGroup ref=\"am.dsc.encodinganalog\"/>\r\n            <xs:attributeGroup ref=\"am.tpattern\"/>\r\n        </xs:complexType>\r\n    </xs:element>\r\n    <xs:element name=\"dscgrp\">\r\n        <xs:complexType>\r\n            <xs:sequence>\r\n                <xs:element minOccurs=\"0\" ref=\"head\"/>\r\n                <xs:sequence maxOccurs=\"unbounded\" minOccurs=\"0\">\r\n                    <xs:group ref=\"m.blocks\"/>\r\n                </xs:sequence>\r\n                <xs:element maxOccurs=\"unbounded\" ref=\"ead\"/>\r\n            </xs:sequence>\r\n            <xs:attributeGroup ref=\"a.common\"/>\r\n            <xs:attributeGroup ref=\"am.dscgrp.encodinganalog\"/>\r\n        </xs:complexType>\r\n    </xs:element>\r\n    <!-- <xs:element name=\"tspec\">\r\n        <xs:complexType>\r\n            <xs:sequence>\r\n                <xs:element maxOccurs=\"unbounded\" ref=\"colspec\"/>\r\n            </xs:sequence>\r\n        </xs:complexType>\r\n    </xs:element> -->\r\n    <!-- <xs:element name=\"drow\">\r\n        <xs:complexType>\r\n            <xs:sequence>\r\n                <xs:element maxOccurs=\"unbounded\" ref=\"dentry\"/>\r\n            </xs:sequence>\r\n            <xs:attributeGroup ref=\"a.common\"/>\r\n            <xs:attribute name=\"rowsep\" type=\"xs:NMTOKEN\"/>\r\n            <xs:attribute name=\"valign\">\r\n                <xs:simpleType>\r\n                    <xs:restriction base=\"xs:string\">\r\n                        <xs:enumeration value=\"top\"/>\r\n                        <xs:enumeration value=\"middle\"/>\r\n                        <xs:enumeration value=\"bottom\"/>\r\n                    </xs:restriction>\r\n                </xs:simpleType>\r\n            </xs:attribute>\r\n        </xs:complexType>\r\n    </xs:element> -->\r\n    <!-- <xs:element name=\"dentry\">\r\n        <xs:complexType>\r\n            <xs:choice maxOccurs=\"unbounded\" minOccurs=\"0\">\r\n                <xs:group ref=\"m.did\"/>\r\n                <xs:group ref=\"m.desc.base\"/>\r\n            </xs:choice>\r\n            <xs:attributeGroup ref=\"a.common\"/>\r\n            <xs:attribute name=\"colname\" type=\"xs:NMTOKEN\"/>\r\n            <xs:attribute name=\"namest\" type=\"xs:NMTOKEN\"/>\r\n            <xs:attribute name=\"nameend\" type=\"xs:NMTOKEN\"/>\r\n            <xs:attribute default=\"0\" name=\"morerows\" type=\"xs:NMTOKEN\"/>\r\n            <xs:attribute name=\"colsep\" type=\"xs:NMTOKEN\"/>\r\n            <xs:attribute name=\"rowsep\" type=\"xs:NMTOKEN\"/>\r\n            <xs:attribute name=\"valign\">\r\n                <xs:simpleType>\r\n                    <xs:restriction base=\"xs:string\">\r\n                        <xs:enumeration value=\"top\"/>\r\n                        <xs:enumeration value=\"middle\"/>\r\n                        <xs:enumeration value=\"bottom\"/>\r\n                    </xs:restriction>\r\n                </xs:simpleType>\r\n            </xs:attribute>\r\n            <xs:attribute name=\"align\">\r\n                <xs:simpleType>\r\n                    <xs:restriction base=\"xs:string\">\r\n                        <xs:enumeration value=\"left\"/>\r\n                        <xs:enumeration value=\"right\"/>\r\n                        <xs:enumeration value=\"center\"/>\r\n                        <xs:enumeration value=\"justify\"/>\r\n                        <xs:enumeration value=\"char\"/>\r\n                    </xs:restriction>\r\n                </xs:simpleType>\r\n            </xs:attribute>\r\n            <xs:attribute name=\"charoff\" type=\"xs:NMTOKEN\"/>\r\n            <xs:attribute name=\"char\" type=\"xs:string\"/>\r\n        </xs:complexType>\r\n    </xs:element> -->\r\n    <xs:element name=\"c\">\r\n        <xs:complexType>\r\n            <xs:sequence>\r\n                <xs:element minOccurs=\"0\" ref=\"head\"/>\r\n                <xs:element ref=\"did\"/>\r\n                <xs:sequence maxOccurs=\"unbounded\" minOccurs=\"0\">\r\n                    <xs:group ref=\"m.desc.full\"/>\r\n                </xs:sequence>\r\n                <xs:sequence maxOccurs=\"unbounded\" minOccurs=\"0\">\r\n                    <xs:element minOccurs=\"0\" ref=\"thead\"/>\r\n                    <xs:element maxOccurs=\"unbounded\" ref=\"c\"/>\r\n                </xs:sequence>\r\n            </xs:sequence>\r\n            <xs:attributeGroup ref=\"a.desc.c\"/>\r\n        </xs:complexType>\r\n    </xs:element>\r\n    <xs:element name=\"c01\">\r\n        <xs:complexType>\r\n            <xs:sequence>\r\n                <xs:element minOccurs=\"0\" ref=\"head\"/>\r\n                <xs:element ref=\"did\"/>\r\n                <xs:sequence maxOccurs=\"unbounded\" minOccurs=\"0\">\r\n                    <xs:group ref=\"m.desc.full\"/>\r\n                </xs:sequence>\r\n                <xs:sequence maxOccurs=\"unbounded\" minOccurs=\"0\">\r\n                    <xs:element minOccurs=\"0\" ref=\"thead\"/>\r\n                    <xs:element maxOccurs=\"unbounded\" ref=\"c02\"/>\r\n                </xs:sequence>\r\n            </xs:sequence>\r\n            <xs:attributeGroup ref=\"a.desc.c\"/>\r\n        </xs:complexType>\r\n    </xs:element>\r\n    <xs:element name=\"c02\">\r\n        <xs:complexType>\r\n            <xs:sequence>\r\n                <xs:element minOccurs=\"0\" ref=\"head\"/>\r\n                <xs:element ref=\"did\"/>\r\n                <xs:sequence maxOccurs=\"unbounded\" minOccurs=\"0\">\r\n                    <xs:group ref=\"m.desc.full\"/>\r\n                </xs:sequence>\r\n                <xs:sequence maxOccurs=\"unbounded\" minOccurs=\"0\">\r\n                    <xs:element minOccurs=\"0\" ref=\"thead\"/>\r\n                    <xs:element maxOccurs=\"unbounded\" ref=\"c03\"/>\r\n                </xs:sequence>\r\n            </xs:sequence>\r\n            <xs:attributeGroup ref=\"a.desc.c\"/>\r\n        </xs:complexType>\r\n    </xs:element>\r\n    <xs:element name=\"c03\">\r\n        <xs:complexType>\r\n            <xs:sequence>\r\n                <xs:element minOccurs=\"0\" ref=\"head\"/>\r\n                <xs:element ref=\"did\"/>\r\n                <xs:sequence maxOccurs=\"unbounded\" minOccurs=\"0\">\r\n                    <xs:group ref=\"m.desc.full\"/>\r\n                </xs:sequence>\r\n                <xs:sequence maxOccurs=\"unbounded\" minOccurs=\"0\">\r\n                    <xs:element minOccurs=\"0\" ref=\"thead\"/>\r\n                    <xs:element maxOccurs=\"unbounded\" ref=\"c04\"/>\r\n                </xs:sequence>\r\n            </xs:sequence>\r\n            <xs:attributeGroup ref=\"a.desc.c\"/>\r\n        </xs:complexType>\r\n    </xs:element>\r\n    <xs:element name=\"c04\">\r\n        <xs:complexType>\r\n            <xs:sequence>\r\n                <xs:element minOccurs=\"0\" ref=\"head\"/>\r\n                <xs:element ref=\"did\"/>\r\n                <xs:sequence maxOccurs=\"unbounded\" minOccurs=\"0\">\r\n                    <xs:group ref=\"m.desc.full\"/>\r\n                </xs:sequence>\r\n                <xs:sequence maxOccurs=\"unbounded\" minOccurs=\"0\">\r\n                    <xs:element minOccurs=\"0\" ref=\"thead\"/>\r\n                    <xs:element maxOccurs=\"unbounded\" ref=\"c05\"/>\r\n                </xs:sequence>\r\n            </xs:sequence>\r\n            <xs:attributeGroup ref=\"a.desc.c\"/>\r\n        </xs:complexType>\r\n    </xs:element>\r\n    <xs:element name=\"c05\">\r\n        <xs:complexType>\r\n            <xs:sequence>\r\n                <xs:element minOccurs=\"0\" ref=\"head\"/>\r\n                <xs:element ref=\"did\"/>\r\n                <xs:sequence maxOccurs=\"unbounded\" minOccurs=\"0\">\r\n                    <xs:group ref=\"m.desc.full\"/>\r\n                </xs:sequence>\r\n                <xs:sequence maxOccurs=\"unbounded\" minOccurs=\"0\">\r\n                    <xs:element minOccurs=\"0\" ref=\"thead\"/>\r\n                    <xs:element maxOccurs=\"unbounded\" ref=\"c06\"/>\r\n                </xs:sequence>\r\n            </xs:sequence>\r\n            <xs:attributeGroup ref=\"a.desc.c\"/>\r\n        </xs:complexType>\r\n    </xs:element>\r\n    <xs:element name=\"c06\">\r\n        <xs:complexType>\r\n            <xs:sequence>\r\n                <xs:element minOccurs=\"0\" ref=\"head\"/>\r\n                <xs:element ref=\"did\"/>\r\n                <xs:sequence maxOccurs=\"unbounded\" minOccurs=\"0\">\r\n                    <xs:group ref=\"m.desc.full\"/>\r\n                </xs:sequence>\r\n                <xs:sequence maxOccurs=\"unbounded\" minOccurs=\"0\">\r\n                    <xs:element minOccurs=\"0\" ref=\"thead\"/>\r\n                    <xs:element maxOccurs=\"unbounded\" ref=\"c07\"/>\r\n                </xs:sequence>\r\n            </xs:sequence>\r\n            <xs:attributeGroup ref=\"a.desc.c\"/>\r\n        </xs:complexType>\r\n    </xs:element>\r\n    <xs:element name=\"c07\">\r\n        <xs:complexType>\r\n            <xs:sequence>\r\n                <xs:element minOccurs=\"0\" ref=\"head\"/>\r\n                <xs:element ref=\"did\"/>\r\n                <xs:sequence maxOccurs=\"unbounded\" minOccurs=\"0\">\r\n                    <xs:group ref=\"m.desc.full\"/>\r\n                </xs:sequence>\r\n                <xs:sequence maxOccurs=\"unbounded\" minOccurs=\"0\">\r\n                    <xs:element minOccurs=\"0\" ref=\"thead\"/>\r\n                    <xs:element maxOccurs=\"unbounded\" ref=\"c08\"/>\r\n                </xs:sequence>\r\n            </xs:sequence>\r\n            <xs:attributeGroup ref=\"a.desc.c\"/>\r\n        </xs:complexType>\r\n    </xs:element>\r\n    <xs:element name=\"c08\">\r\n        <xs:complexType>\r\n            <xs:sequence>\r\n                <xs:element minOccurs=\"0\" ref=\"head\"/>\r\n                <xs:element ref=\"did\"/>\r\n                <xs:sequence maxOccurs=\"unbounded\" minOccurs=\"0\">\r\n                    <xs:group ref=\"m.desc.full\"/>\r\n                </xs:sequence>\r\n                <xs:sequence maxOccurs=\"unbounded\" minOccurs=\"0\">\r\n                    <xs:element minOccurs=\"0\" ref=\"thead\"/>\r\n                    <xs:element maxOccurs=\"unbounded\" ref=\"c09\"/>\r\n                </xs:sequence>\r\n            </xs:sequence>\r\n            <xs:attributeGroup ref=\"a.desc.c\"/>\r\n        </xs:complexType>\r\n    </xs:element>\r\n    <xs:element name=\"c09\">\r\n        <xs:complexType>\r\n            <xs:sequence>\r\n                <xs:element minOccurs=\"0\" ref=\"head\"/>\r\n                <xs:element ref=\"did\"/>\r\n                <xs:sequence maxOccurs=\"unbounded\" minOccurs=\"0\">\r\n                    <xs:group ref=\"m.desc.full\"/>\r\n                </xs:sequence>\r\n                <xs:sequence maxOccurs=\"unbounded\" minOccurs=\"0\">\r\n                    <xs:element minOccurs=\"0\" ref=\"thead\"/>\r\n                    <xs:element maxOccurs=\"unbounded\" ref=\"c10\"/>\r\n                </xs:sequence>\r\n            </xs:sequence>\r\n            <xs:attributeGroup ref=\"a.desc.c\"/>\r\n        </xs:complexType>\r\n    </xs:element>\r\n    <xs:element name=\"c10\">\r\n        <xs:complexType>\r\n            <xs:sequence>\r\n                <xs:element minOccurs=\"0\" ref=\"head\"/>\r\n                <xs:element ref=\"did\"/>\r\n                <xs:sequence maxOccurs=\"unbounded\" minOccurs=\"0\">\r\n                    <xs:group ref=\"m.desc.full\"/>\r\n                </xs:sequence>\r\n                <xs:sequence maxOccurs=\"unbounded\" minOccurs=\"0\">\r\n                    <xs:element minOccurs=\"0\" ref=\"thead\"/>\r\n                    <xs:element maxOccurs=\"unbounded\" ref=\"c11\"/>\r\n                </xs:sequence>\r\n            </xs:sequence>\r\n            <xs:attributeGroup ref=\"a.desc.c\"/>\r\n        </xs:complexType>\r\n    </xs:element>\r\n    <xs:element name=\"c11\">\r\n        <xs:complexType>\r\n            <xs:sequence>\r\n                <xs:element minOccurs=\"0\" ref=\"head\"/>\r\n                <xs:element ref=\"did\"/>\r\n                <xs:sequence maxOccurs=\"unbounded\" minOccurs=\"0\">\r\n                    <xs:group ref=\"m.desc.full\"/>\r\n                </xs:sequence>\r\n                <xs:sequence maxOccurs=\"unbounded\" minOccurs=\"0\">\r\n                    <xs:element minOccurs=\"0\" ref=\"thead\"/>\r\n                    <xs:element maxOccurs=\"unbounded\" ref=\"c12\"/>\r\n                </xs:sequence>\r\n            </xs:sequence>\r\n            <xs:attributeGroup ref=\"a.desc.c\"/>\r\n        </xs:complexType>\r\n    </xs:element>\r\n    <xs:element name=\"c12\">\r\n        <xs:complexType>\r\n            <xs:sequence>\r\n                <xs:element minOccurs=\"0\" ref=\"head\"/>\r\n                <xs:element ref=\"did\"/>\r\n                <xs:sequence maxOccurs=\"unbounded\" minOccurs=\"0\">\r\n                    <xs:group ref=\"m.desc.full\"/>\r\n                </xs:sequence>\r\n            </xs:sequence>\r\n            <xs:attributeGroup ref=\"a.desc.c\"/>\r\n        </xs:complexType>\r\n    </xs:element>\r\n    <xs:element name=\"head\">\r\n        <xs:complexType mixed=\"true\">\r\n            <xs:choice maxOccurs=\"unbounded\" minOccurs=\"0\">\r\n                <xs:group ref=\"m.phrase.bare\"/>\r\n            </xs:choice>\r\n            <xs:attributeGroup ref=\"a.common\"/>\r\n            <xs:attribute name=\"althead\" type=\"xs:string\"/>\r\n        </xs:complexType>\r\n    </xs:element>\r\n    <xs:element name=\"p\">\r\n        <xs:complexType mixed=\"true\">\r\n            <xs:choice maxOccurs=\"unbounded\" minOccurs=\"0\">\r\n                <xs:group ref=\"m.para.content\"/>\r\n            </xs:choice>\r\n            <xs:attributeGroup ref=\"a.common\"/>\r\n        </xs:complexType>\r\n    </xs:element>\r\n    <xs:element name=\"emph\">\r\n        <xs:complexType mixed=\"true\">\r\n            <xs:choice maxOccurs=\"unbounded\" minOccurs=\"0\">\r\n                <xs:group ref=\"m.phrase.basic\"/>\r\n            </xs:choice>\r\n            <xs:attributeGroup ref=\"av.render\"/>\r\n            <!-- <xs:attribute name=\"render\">\r\n                <xs:simpleType>\r\n                    <xs:restriction base=\"xs:string\">\r\n                        <xs:enumeration value=\"%av.render;\"/>\r\n                    </xs:restriction>\r\n                </xs:simpleType>\r\n            </xs:attribute> -->\r\n            <xs:attribute name=\"id\" type=\"xs:ID\"/>\r\n            <xs:attribute name=\"altrender\" type=\"xs:string\"/>\r\n        </xs:complexType>\r\n    </xs:element>\r\n    <xs:element name=\"lb\">\r\n        <xs:complexType/>\r\n    </xs:element>\r\n    <xs:element name=\"dao\">\r\n        <xs:complexType>\r\n            <xs:sequence>\r\n                <xs:element minOccurs=\"0\" ref=\"daodesc\"/>\r\n            </xs:sequence>\r\n            <xs:attributeGroup ref=\"a.common\"/>\r\n            <xs:attributeGroup ref=\"a.external.ptr\"/>\r\n        </xs:complexType>\r\n    </xs:element>\r\n    <xs:element name=\"daoloc\">\r\n        <xs:complexType>\r\n            <xs:sequence>\r\n                <xs:element minOccurs=\"0\" ref=\"daodesc\"/>\r\n            </xs:sequence>\r\n            <xs:attributeGroup ref=\"a.common\"/>\r\n            <xs:attributeGroup ref=\"a.loc.external.ptr\"/>\r\n        </xs:complexType>\r\n    </xs:element>\r\n    <xs:element name=\"daodesc\">\r\n        <xs:complexType>\r\n            <xs:sequence>\r\n                <xs:element minOccurs=\"0\" ref=\"head\"/>\r\n                <xs:sequence maxOccurs=\"unbounded\">\r\n                    <xs:group ref=\"m.blocks\"/>\r\n                </xs:sequence>\r\n            </xs:sequence>\r\n            <xs:attributeGroup ref=\"a.common\"/>\r\n        </xs:complexType>\r\n    </xs:element>\r\n    <xs:element name=\"daogrp\">\r\n        <xs:complexType>\r\n            <xs:sequence>\r\n                <xs:element minOccurs=\"0\" ref=\"daodesc\"/>\r\n                <xs:choice maxOccurs=\"unbounded\">\r\n                    <xs:element ref=\"daoloc\"/>\r\n                    <xs:element ref=\"ptrloc\"/>\r\n                    <xs:element ref=\"extptrloc\"/>\r\n                    <xs:element ref=\"refloc\"/>\r\n                    <xs:element ref=\"extrefloc\"/>\r\n                    <xs:element ref=\"arc\"/>\r\n                    <xs:element ref=\"resource\"/>\r\n                </xs:choice>\r\n            </xs:sequence>\r\n            <xs:attributeGroup ref=\"a.common\"/>\r\n            <xs:attributeGroup ref=\"a.linkgrp\"/>\r\n        </xs:complexType>\r\n    </xs:element>\r\n    <xs:element name=\"arc\">\r\n        <xs:complexType>\r\n            <xs:attributeGroup ref=\"a.common\"/>\r\n            <xs:attributeGroup ref=\"a.arc\"/>\r\n            <xs:attributeGroup ref=\"a.arcrole\"/>\r\n            <xs:attributeGroup ref=\"a.title\"/>\r\n            <xs:attributeGroup ref=\"a.action\"/>\r\n            <xs:attribute name=\"from\" type=\"xs:NMTOKEN\"/>\r\n            <xs:attribute name=\"to\" type=\"xs:NMTOKEN\"/>\r\n        </xs:complexType>\r\n    </xs:element>\r\n    <xs:element name=\"resource\">\r\n        <xs:complexType mixed=\"true\">\r\n            <xs:choice maxOccurs=\"unbounded\" minOccurs=\"0\">\r\n                <xs:group ref=\"m.render\"/>\r\n            </xs:choice>\r\n            <xs:attributeGroup ref=\"a.common\"/>\r\n            <xs:attributeGroup ref=\"a.resource\"/>\r\n            <xs:attributeGroup ref=\"a.role\"/>\r\n            <xs:attributeGroup ref=\"a.title\"/>\r\n            <xs:attributeGroup ref=\"a.label\"/>\r\n        </xs:complexType>\r\n    </xs:element>\r\n    <xs:element name=\"ptr\">\r\n        <xs:complexType>\r\n            <xs:attributeGroup ref=\"a.common\"/>\r\n            <xs:attributeGroup ref=\"a.internal.ptr\"/>\r\n        </xs:complexType>\r\n    </xs:element>\r\n    <xs:element name=\"ptrloc\">\r\n        <xs:complexType>\r\n            <xs:attributeGroup ref=\"a.common\"/>\r\n            <xs:attributeGroup ref=\"a.loc.internal.ptr\"/>\r\n        </xs:complexType>\r\n    </xs:element>\r\n    <xs:element name=\"extptr\">\r\n        <xs:complexType>\r\n            <xs:attributeGroup ref=\"a.common\"/>\r\n            <xs:attributeGroup ref=\"a.external.ptr\"/>\r\n        </xs:complexType>\r\n    </xs:element>\r\n    <!-- experimental mdWrap element -->\r\n    <xs:element name=\"mdWrap\">\r\n        <xs:complexType>\r\n            <xs:sequence>\r\n                <xs:any maxOccurs=\"unbounded\" namespace=\"##any\"/>\r\n            </xs:sequence>\r\n        </xs:complexType>\r\n    </xs:element>\r\n    <!-- experimental mdWrap element -->\r\n    <xs:element name=\"extptrloc\">\r\n        <xs:complexType>\r\n            <xs:attributeGroup ref=\"a.common\"/>\r\n            <xs:attributeGroup ref=\"a.loc.external.ptr\"/>\r\n        </xs:complexType>\r\n    </xs:element>\r\n    <xs:element name=\"ref\">\r\n        <xs:complexType mixed=\"true\">\r\n            <xs:choice maxOccurs=\"unbounded\" minOccurs=\"0\">\r\n                <xs:group ref=\"m.para.content.norefs\"/>\r\n                <xs:element ref=\"bibref\"/>\r\n                <xs:element ref=\"title\"/>\r\n                <xs:element ref=\"extref\"/>\r\n                <xs:element ref=\"archref\"/>\r\n            </xs:choice>\r\n            <xs:attributeGroup ref=\"a.common\"/>\r\n            <xs:attributeGroup ref=\"a.internal.ptr\"/>\r\n        </xs:complexType>\r\n    </xs:element>\r\n    <xs:element name=\"refloc\">\r\n        <xs:complexType mixed=\"true\">\r\n            <xs:choice maxOccurs=\"unbounded\" minOccurs=\"0\">\r\n                <xs:group ref=\"m.para.content.norefs\"/>\r\n            </xs:choice>\r\n            <xs:attributeGroup ref=\"a.common\"/>\r\n            <xs:attributeGroup ref=\"a.loc.internal.ptr\"/>\r\n        </xs:complexType>\r\n    </xs:element>\r\n    <xs:element name=\"extref\">\r\n        <xs:complexType mixed=\"true\">\r\n            <xs:choice maxOccurs=\"unbounded\" minOccurs=\"0\">\r\n                <xs:group ref=\"m.para.content.norefs\"/>\r\n                <xs:element ref=\"bibref\"/>\r\n                <xs:element ref=\"title\"/>\r\n                <xs:element ref=\"archref\"/>\r\n                <xs:element ref=\"ref\"/>\r\n            </xs:choice>\r\n            <xs:attributeGroup ref=\"a.common\"/>\r\n            <xs:attributeGroup ref=\"a.external.ptr\"/>\r\n        </xs:complexType>\r\n    </xs:element>\r\n    <xs:element name=\"extrefloc\">\r\n        <xs:complexType mixed=\"true\">\r\n            <xs:choice maxOccurs=\"unbounded\" minOccurs=\"0\">\r\n                <xs:group ref=\"m.para.content.norefs\"/>\r\n            </xs:choice>\r\n            <xs:attributeGroup ref=\"a.common\"/>\r\n            <xs:attributeGroup ref=\"a.loc.external.ptr\"/>\r\n        </xs:complexType>\r\n    </xs:element>\r\n    <xs:element name=\"linkgrp\">\r\n        <xs:complexType>\r\n            <xs:choice maxOccurs=\"unbounded\">\r\n                <xs:element ref=\"ptrloc\"/>\r\n                <xs:element ref=\"extptrloc\"/>\r\n                <xs:element ref=\"refloc\"/>\r\n                <xs:element ref=\"extrefloc\"/>\r\n                <xs:element ref=\"arc\"/>\r\n                <xs:element ref=\"resource\"/>\r\n            </xs:choice>\r\n            <xs:attributeGroup ref=\"a.common\"/>\r\n            <xs:attributeGroup ref=\"a.linkgrp\"/>\r\n        </xs:complexType>\r\n    </xs:element>\r\n    <xs:element name=\"title\">\r\n        <xs:complexType mixed=\"true\">\r\n            <xs:choice maxOccurs=\"unbounded\" minOccurs=\"0\">\r\n                <xs:group ref=\"m.phrase.bare\"/>\r\n                <xs:element ref=\"date\"/>\r\n                <xs:element ref=\"num\"/>\r\n            </xs:choice>\r\n            <xs:attributeGroup ref=\"a.common\"/>\r\n            <xs:attributeGroup ref=\"am.title.type\"/>\r\n            <xs:attributeGroup ref=\"av.render\"/>\r\n            <!-- <xs:attribute name=\"render\">\r\n                <xs:simpleType>\r\n                    <xs:restriction base=\"xs:string\">\r\n                        <xs:enumeration value=\"%av.render;\"/>\r\n                    </xs:restriction>\r\n                </xs:simpleType>\r\n            </xs:attribute> -->\r\n            <xs:attributeGroup ref=\"a.access\"/>\r\n            <xs:attributeGroup ref=\"a.external.ptr\"/>\r\n            <xs:attributeGroup ref=\"am.title.encodinganalog\"/>\r\n        </xs:complexType>\r\n    </xs:element>\r\n    <xs:element name=\"archref\">\r\n        <xs:complexType mixed=\"true\">\r\n            <xs:choice maxOccurs=\"unbounded\" minOccurs=\"0\">\r\n                <xs:group ref=\"m.phrase.basic.norefs\"/>\r\n                <xs:element ref=\"bibref\"/>\r\n                <xs:element ref=\"ref\"/>\r\n                <xs:element ref=\"title\"/>\r\n                <xs:element ref=\"extref\"/>\r\n                <xs:group ref=\"m.did\"/>\r\n            </xs:choice>\r\n            <xs:attributeGroup ref=\"a.common\"/>\r\n            <xs:attributeGroup ref=\"a.external.ptr\"/>\r\n        </xs:complexType>\r\n    </xs:element>\r\n    <xs:element name=\"bibref\">\r\n        <xs:complexType mixed=\"true\">\r\n            <xs:choice maxOccurs=\"unbounded\" minOccurs=\"0\">\r\n                <xs:group ref=\"m.phrase.basic.norefs\"/>\r\n                <xs:element ref=\"edition\"/>\r\n                <xs:element ref=\"imprint\"/>\r\n                <xs:element ref=\"name\"/>\r\n                <xs:element ref=\"num\"/>\r\n                <xs:element ref=\"bibseries\"/>\r\n                <xs:element ref=\"ref\"/>\r\n                <xs:element ref=\"title\"/>\r\n                <xs:element ref=\"famname\"/>\r\n                <xs:element ref=\"persname\"/>\r\n                <xs:element ref=\"corpname\"/>\r\n                <xs:element ref=\"extref\"/>\r\n                <xs:element ref=\"archref\"/>\r\n            </xs:choice>\r\n            <xs:attributeGroup ref=\"a.common\"/>\r\n            <xs:attributeGroup ref=\"a.external.ptr\"/>\r\n            <xs:attributeGroup ref=\"am.bibref.encodinganalog\"/>\r\n        </xs:complexType>\r\n    </xs:element>\r\n    <xs:element name=\"edition\">\r\n        <xs:complexType mixed=\"true\">\r\n            <xs:choice maxOccurs=\"unbounded\" minOccurs=\"0\">\r\n                <xs:group ref=\"m.phrase.bare\"/>\r\n            </xs:choice>\r\n            <xs:attributeGroup ref=\"a.common\"/>\r\n            <xs:attributeGroup ref=\"am.edition.encodinganalog\"/>\r\n        </xs:complexType>\r\n    </xs:element>\r\n    <xs:element name=\"bibseries\">\r\n        <xs:complexType mixed=\"true\">\r\n            <xs:choice maxOccurs=\"unbounded\" minOccurs=\"0\">\r\n                <xs:group ref=\"m.phrase.bare\"/>\r\n                <xs:element ref=\"title\"/>\r\n                <xs:element ref=\"num\"/>\r\n            </xs:choice>\r\n            <xs:attributeGroup ref=\"a.common\"/>\r\n            <xs:attributeGroup ref=\"am.bibseries.encodinganalog\"/>\r\n        </xs:complexType>\r\n    </xs:element>\r\n    <xs:element name=\"imprint\">\r\n        <xs:complexType mixed=\"true\">\r\n            <xs:choice maxOccurs=\"unbounded\" minOccurs=\"0\">\r\n                <xs:group ref=\"m.phrase.bare\"/>\r\n                <xs:element ref=\"publisher\"/>\r\n                <xs:element ref=\"geogname\"/>\r\n                <xs:element ref=\"date\"/>\r\n            </xs:choice>\r\n            <xs:attributeGroup ref=\"a.common\"/>\r\n            <xs:attributeGroup ref=\"am.imprint.encodinganalog\"/>\r\n        </xs:complexType>\r\n    </xs:element>\r\n    <xs:element name=\"publisher\">\r\n        <xs:complexType mixed=\"true\">\r\n            <xs:choice maxOccurs=\"unbounded\" minOccurs=\"0\">\r\n                <xs:group ref=\"m.phrase.bare\"/>\r\n            </xs:choice>\r\n            <xs:attributeGroup ref=\"a.common\"/>\r\n            <xs:attributeGroup ref=\"am.publisher.encodinganalog\"/>\r\n        </xs:complexType>\r\n    </xs:element>\r\n    <xs:element name=\"corpname\">\r\n        <xs:complexType mixed=\"true\">\r\n            <xs:choice maxOccurs=\"unbounded\" minOccurs=\"0\">\r\n                <xs:group ref=\"m.phrase.bare\"/>\r\n                <xs:element ref=\"subarea\"/>\r\n            </xs:choice>\r\n            <xs:attributeGroup ref=\"a.common\"/>\r\n            <xs:attributeGroup ref=\"a.access\"/>\r\n            <xs:attributeGroup ref=\"am.corpname.role\"/>\r\n            <xs:attributeGroup ref=\"am.corpname.encodinganalog\"/>\r\n        </xs:complexType>\r\n    </xs:element>\r\n    <xs:element name=\"famname\">\r\n        <xs:complexType mixed=\"true\">\r\n            <xs:choice maxOccurs=\"unbounded\" minOccurs=\"0\">\r\n                <xs:group ref=\"m.phrase.bare\"/>\r\n            </xs:choice>\r\n            <xs:attributeGroup ref=\"a.common\"/>\r\n            <xs:attributeGroup ref=\"a.access\"/>\r\n            <xs:attributeGroup ref=\"am.famname.role\"/>\r\n            <xs:attributeGroup ref=\"am.famname.encodinganalog\"/>\r\n        </xs:complexType>\r\n    </xs:element>\r\n    <xs:element name=\"geogname\">\r\n        <xs:complexType mixed=\"true\">\r\n            <xs:choice maxOccurs=\"unbounded\" minOccurs=\"0\">\r\n                <xs:group ref=\"m.phrase.bare\"/>\r\n            </xs:choice>\r\n            <xs:attributeGroup ref=\"a.common\"/>\r\n            <xs:attributeGroup ref=\"a.access\"/>\r\n            <xs:attributeGroup ref=\"am.geogname.role\"/>\r\n            <xs:attributeGroup ref=\"am.geogname.encodinganalog\"/>\r\n        </xs:complexType>\r\n    </xs:element>\r\n    <xs:element name=\"genreform\">\r\n        <xs:complexType mixed=\"true\">\r\n            <xs:choice maxOccurs=\"unbounded\" minOccurs=\"0\">\r\n                <xs:group ref=\"m.phrase.bare\"/>\r\n            </xs:choice>\r\n            <xs:attributeGroup ref=\"a.common\"/>\r\n            <xs:attributeGroup ref=\"am.genreform.type\"/>\r\n            <xs:attributeGroup ref=\"a.access\"/>\r\n            <xs:attributeGroup ref=\"am.genreform.encodinganalog\"/>\r\n        </xs:complexType>\r\n    </xs:element>\r\n    <xs:element name=\"name\">\r\n        <xs:complexType mixed=\"true\">\r\n            <xs:choice maxOccurs=\"unbounded\" minOccurs=\"0\">\r\n                <xs:group ref=\"m.phrase.bare\"/>\r\n            </xs:choice>\r\n            <xs:attributeGroup ref=\"a.common\"/>\r\n            <xs:attributeGroup ref=\"a.access\"/>\r\n            <xs:attributeGroup ref=\"am.name.role\"/>\r\n            <xs:attributeGroup ref=\"am.name.encodinganalog\"/>\r\n        </xs:complexType>\r\n    </xs:element>\r\n    <xs:element name=\"occupation\">\r\n        <xs:complexType mixed=\"true\">\r\n            <xs:choice maxOccurs=\"unbounded\" minOccurs=\"0\">\r\n                <xs:group ref=\"m.phrase.bare\"/>\r\n            </xs:choice>\r\n            <xs:attributeGroup ref=\"a.common\"/>\r\n            <xs:attributeGroup ref=\"a.access\"/>\r\n            <xs:attributeGroup ref=\"am.occupation.encodinganalog\"/>\r\n        </xs:complexType>\r\n    </xs:element>\r\n    <xs:element name=\"function\">\r\n        <xs:complexType mixed=\"true\">\r\n            <xs:choice maxOccurs=\"unbounded\" minOccurs=\"0\">\r\n                <xs:group ref=\"m.phrase.bare\"/>\r\n            </xs:choice>\r\n            <xs:attributeGroup ref=\"a.common\"/>\r\n            <xs:attributeGroup ref=\"a.access\"/>\r\n            <xs:attributeGroup ref=\"am.function.encodinganalog\"/>\r\n        </xs:complexType>\r\n    </xs:element>\r\n    <xs:element name=\"persname\">\r\n        <xs:complexType mixed=\"true\">\r\n            <xs:choice maxOccurs=\"unbounded\" minOccurs=\"0\">\r\n                <xs:group ref=\"m.phrase.bare\"/>\r\n            </xs:choice>\r\n            <xs:attributeGroup ref=\"a.common\"/>\r\n            <xs:attributeGroup ref=\"a.access\"/>\r\n            <xs:attributeGroup ref=\"am.persname.role\"/>\r\n            <xs:attributeGroup ref=\"am.persname.encodinganalog\"/>\r\n        </xs:complexType>\r\n    </xs:element>\r\n    <xs:element name=\"subject\">\r\n        <xs:complexType mixed=\"true\">\r\n            <xs:choice maxOccurs=\"unbounded\" minOccurs=\"0\">\r\n                <xs:group ref=\"m.phrase.bare\"/>\r\n            </xs:choice>\r\n            <xs:attributeGroup ref=\"a.common\"/>\r\n            <xs:attributeGroup ref=\"a.access\"/>\r\n            <xs:attributeGroup ref=\"am.subject.encodinganalog\"/>\r\n        </xs:complexType>\r\n    </xs:element>\r\n    <xs:element name=\"date\">\r\n        <xs:complexType mixed=\"true\">\r\n            <xs:choice maxOccurs=\"unbounded\" minOccurs=\"0\">\r\n                <xs:group ref=\"m.phrase.bare\"/>\r\n            </xs:choice>\r\n            <xs:attributeGroup ref=\"a.common\"/>\r\n            <xs:attributeGroup ref=\"am.date.type\"/>\r\n            <xs:attributeGroup ref=\"am.date.era\"/>\r\n            <xs:attributeGroup ref=\"am.date.calendar\"/>\r\n            <xs:attribute name=\"normal\" type=\"xs:string\"/>\r\n            <xs:attributeGroup ref=\"am.date.certainty\"/>\r\n            <xs:attributeGroup ref=\"am.date.encodinganalog\"/>\r\n        </xs:complexType>\r\n    </xs:element>\r\n    <xs:element name=\"num\">\r\n        <xs:complexType mixed=\"true\">\r\n            <xs:choice maxOccurs=\"unbounded\" minOccurs=\"0\">\r\n                <xs:group ref=\"m.phrase.bare\"/>\r\n            </xs:choice>\r\n            <xs:attributeGroup ref=\"a.common\"/>\r\n            <xs:attributeGroup ref=\"am.num.type\"/>\r\n            <xs:attributeGroup ref=\"am.num.encodinganalog\"/>\r\n        </xs:complexType>\r\n    </xs:element>\r\n    <xs:element name=\"abbr\">\r\n        <xs:complexType>\r\n            <xs:simpleContent>\r\n                <xs:extension base=\"xs:string\">\r\n                    <xs:attributeGroup ref=\"a.common\"/>\r\n                    <xs:attribute name=\"expan\" type=\"xs:string\"/>\r\n                </xs:extension>\r\n            </xs:simpleContent>\r\n        </xs:complexType>\r\n    </xs:element>\r\n    <xs:element name=\"expan\">\r\n        <xs:complexType>\r\n            <xs:simpleContent>\r\n                <xs:extension base=\"xs:string\">\r\n                    <xs:attributeGroup ref=\"a.common\"/>\r\n                    <xs:attribute name=\"abbr\" type=\"xs:string\"/>\r\n                </xs:extension>\r\n            </xs:simpleContent>\r\n        </xs:complexType>\r\n    </xs:element>\r\n    <xs:element name=\"address\">\r\n        <xs:complexType>\r\n            <xs:sequence>\r\n                <xs:element maxOccurs=\"unbounded\" ref=\"addressline\"/>\r\n            </xs:sequence>\r\n            <xs:attributeGroup ref=\"a.common\"/>\r\n        </xs:complexType>\r\n    </xs:element>\r\n    <xs:element name=\"addressline\">\r\n        <xs:complexType mixed=\"true\">\r\n            <xs:choice maxOccurs=\"unbounded\" minOccurs=\"0\">\r\n                <xs:group ref=\"m.phrase.bare\"/>\r\n            </xs:choice>\r\n            <xs:attributeGroup ref=\"a.common\"/>\r\n        </xs:complexType>\r\n    </xs:element>\r\n    <xs:element name=\"chronlist\">\r\n        <xs:complexType>\r\n            <xs:sequence>\r\n                <xs:element minOccurs=\"0\" ref=\"head\"/>\r\n                <xs:sequence minOccurs=\"0\">\r\n                    <xs:element ref=\"listhead\"/>\r\n                </xs:sequence>\r\n                <xs:sequence maxOccurs=\"unbounded\">\r\n                    <xs:element ref=\"chronitem\"/>\r\n                </xs:sequence>\r\n            </xs:sequence>\r\n            <xs:attributeGroup ref=\"a.common\"/>\r\n            <xs:attributeGroup ref=\"am.chronlist.encodinganalog\"/>\r\n        </xs:complexType>\r\n    </xs:element>\r\n    <xs:element name=\"chronitem\">\r\n        <xs:complexType>\r\n            <xs:sequence>\r\n                <xs:element ref=\"date\"/>\r\n                <xs:choice>\r\n                    <xs:element ref=\"event\"/>\r\n                    <xs:element ref=\"eventgrp\"/>\r\n                </xs:choice>\r\n            </xs:sequence>\r\n            <xs:attributeGroup ref=\"a.common\"/>\r\n        </xs:complexType>\r\n    </xs:element>\r\n    <xs:element name=\"event\">\r\n        <xs:complexType mixed=\"true\">\r\n            <xs:choice maxOccurs=\"unbounded\" minOccurs=\"0\">\r\n                <xs:group ref=\"m.para.content\"/>\r\n            </xs:choice>\r\n            <xs:attributeGroup ref=\"a.common\"/>\r\n        </xs:complexType>\r\n    </xs:element>\r\n    <xs:element name=\"eventgrp\">\r\n        <xs:complexType>\r\n            <xs:sequence>\r\n                <xs:element maxOccurs=\"unbounded\" ref=\"event\"/>\r\n            </xs:sequence>\r\n            <xs:attributeGroup ref=\"a.common\"/>\r\n        </xs:complexType>\r\n    </xs:element>\r\n    <xs:element name=\"list\">\r\n        <xs:complexType>\r\n            <xs:sequence>\r\n                <xs:element minOccurs=\"0\" ref=\"head\"/>\r\n                <xs:choice>\r\n                    <xs:element maxOccurs=\"unbounded\" ref=\"item\"/>\r\n                    <xs:sequence>\r\n                        <xs:element minOccurs=\"0\" ref=\"listhead\"/>\r\n                        <xs:element maxOccurs=\"unbounded\" ref=\"defitem\"/>\r\n                    </xs:sequence>\r\n                </xs:choice>\r\n            </xs:sequence>\r\n            <xs:attributeGroup ref=\"a.common\"/>\r\n            <xs:attribute name=\"type\">\r\n                <xs:simpleType>\r\n                    <xs:restriction base=\"xs:string\">\r\n                        <xs:enumeration value=\"simple\"/>\r\n                        <xs:enumeration value=\"deflist\"/>\r\n                        <xs:enumeration value=\"marked\"/>\r\n                        <xs:enumeration value=\"ordered\"/>\r\n                    </xs:restriction>\r\n                </xs:simpleType>\r\n            </xs:attribute>\r\n            <xs:attributeGroup ref=\"am.list.mark\"/>\r\n            <xs:attribute name=\"numeration\">\r\n                <xs:simpleType>\r\n                    <xs:restriction base=\"xs:string\">\r\n                        <xs:enumeration value=\"arabic\"/>\r\n                        <xs:enumeration value=\"upperalpha\"/>\r\n                        <xs:enumeration value=\"loweralpha\"/>\r\n                        <xs:enumeration value=\"upperroman\"/>\r\n                        <xs:enumeration value=\"lowerroman\"/>\r\n                    </xs:restriction>\r\n                </xs:simpleType>\r\n            </xs:attribute>\r\n            <xs:attribute name=\"continuation\">\r\n                <xs:simpleType>\r\n                    <xs:restriction base=\"xs:string\">\r\n                        <xs:enumeration value=\"continues\"/>\r\n                        <xs:enumeration value=\"starts\"/>\r\n                    </xs:restriction>\r\n                </xs:simpleType>\r\n            </xs:attribute>\r\n        </xs:complexType>\r\n    </xs:element>\r\n    <xs:element name=\"listhead\">\r\n        <xs:complexType>\r\n            <xs:sequence>\r\n                <xs:element minOccurs=\"0\" ref=\"head01\"/>\r\n                <xs:element minOccurs=\"0\" ref=\"head02\"/>\r\n            </xs:sequence>\r\n            <xs:attributeGroup ref=\"a.common\"/>\r\n        </xs:complexType>\r\n    </xs:element>\r\n    <xs:element name=\"head01\">\r\n        <xs:complexType mixed=\"true\">\r\n            <xs:choice maxOccurs=\"unbounded\" minOccurs=\"0\">\r\n                <xs:group ref=\"m.phrase.bare\"/>\r\n            </xs:choice>\r\n            <xs:attributeGroup ref=\"a.common\"/>\r\n        </xs:complexType>\r\n    </xs:element>\r\n    <xs:element name=\"head02\">\r\n        <xs:complexType mixed=\"true\">\r\n            <xs:choice maxOccurs=\"unbounded\" minOccurs=\"0\">\r\n                <xs:group ref=\"m.phrase.bare\"/>\r\n            </xs:choice>\r\n            <xs:attributeGroup ref=\"a.common\"/>\r\n        </xs:complexType>\r\n    </xs:element>\r\n    <xs:element name=\"item\">\r\n        <xs:complexType mixed=\"true\">\r\n            <xs:choice maxOccurs=\"unbounded\" minOccurs=\"0\">\r\n                <xs:group ref=\"m.para.content\"/>\r\n            </xs:choice>\r\n            <xs:attributeGroup ref=\"a.common\"/>\r\n        </xs:complexType>\r\n    </xs:element>\r\n    <xs:element name=\"label\">\r\n        <xs:complexType mixed=\"true\">\r\n            <xs:choice maxOccurs=\"unbounded\" minOccurs=\"0\">\r\n                <xs:group ref=\"m.phrase.plus\"/>\r\n            </xs:choice>\r\n            <xs:attributeGroup ref=\"a.common\"/>\r\n        </xs:complexType>\r\n    </xs:element>\r\n    <xs:element name=\"defitem\">\r\n        <xs:complexType>\r\n            <xs:sequence>\r\n                <xs:element ref=\"label\"/>\r\n                <xs:element ref=\"item\"/>\r\n            </xs:sequence>\r\n            <xs:attributeGroup ref=\"a.common\"/>\r\n        </xs:complexType>\r\n    </xs:element>\r\n    <xs:element name=\"blockquote\">\r\n        <xs:complexType>\r\n            <xs:sequence maxOccurs=\"unbounded\">\r\n                <xs:group ref=\"m.blocks.noquote\"/>\r\n            </xs:sequence>\r\n            <xs:attributeGroup ref=\"a.common\"/>\r\n        </xs:complexType>\r\n    </xs:element>\r\n    <xs:element name=\"note\">\r\n        <xs:complexType>\r\n            <xs:sequence maxOccurs=\"unbounded\">\r\n                <xs:group ref=\"m.blocks\"/>\r\n            </xs:sequence>\r\n            <xs:attributeGroup ref=\"a.common\"/>\r\n            <xs:attributeGroup ref=\"am.note.type\"/>\r\n            <xs:attributeGroup ref=\"am.note.label\"/>\r\n            <xs:attribute name=\"show\">\r\n                <xs:simpleType>\r\n                    <xs:restriction base=\"xs:string\">\r\n                        <xs:enumeration value=\"embed\"/>\r\n                        <xs:enumeration value=\"new\"/>\r\n                    </xs:restriction>\r\n                </xs:simpleType>\r\n            </xs:attribute>\r\n            <xs:attribute name=\"actuate\">\r\n                <xs:simpleType>\r\n                    <xs:restriction base=\"xs:string\">\r\n                        <xs:enumeration value=\"onload\"/>\r\n                        <xs:enumeration value=\"onrequest\"/>\r\n                    </xs:restriction>\r\n                </xs:simpleType>\r\n            </xs:attribute>\r\n        </xs:complexType>\r\n    </xs:element>\r\n    <xs:element name=\"table\">\r\n        <xs:complexType>\r\n            <xs:sequence>\r\n                <xs:element minOccurs=\"0\" ref=\"head\"/>\r\n                <xs:element maxOccurs=\"unbounded\" ref=\"tgroup\"/>\r\n            </xs:sequence>\r\n            <xs:attributeGroup ref=\"a.common\"/>\r\n            <xs:attribute name=\"frame\">\r\n                <xs:simpleType>\r\n                    <xs:restriction base=\"xs:string\">\r\n                        <xs:enumeration value=\"top\"/>\r\n                        <xs:enumeration value=\"bottom\"/>\r\n                        <xs:enumeration value=\"topbot\"/>\r\n                        <xs:enumeration value=\"all\"/>\r\n                        <xs:enumeration value=\"sides\"/>\r\n                        <xs:enumeration value=\"none\"/>\r\n                    </xs:restriction>\r\n                </xs:simpleType>\r\n            </xs:attribute>\r\n            <xs:attribute name=\"colsep\" type=\"xs:NMTOKEN\"/>\r\n            <xs:attribute name=\"rowsep\" type=\"xs:NMTOKEN\"/>\r\n            <xs:attribute name=\"pgwide\" type=\"xs:NMTOKEN\"/>\r\n        </xs:complexType>\r\n    </xs:element>\r\n    <xs:element name=\"tgroup\">\r\n        <xs:complexType>\r\n            <xs:sequence>\r\n                <xs:element maxOccurs=\"unbounded\" minOccurs=\"0\" ref=\"colspec\"/>\r\n                <xs:element minOccurs=\"0\" ref=\"thead\"/>\r\n                <xs:element ref=\"tbody\"/>\r\n            </xs:sequence>\r\n            <xs:attributeGroup ref=\"a.common\"/>\r\n            <xs:attribute name=\"cols\" type=\"xs:NMTOKEN\" use=\"required\"/>\r\n            <xs:attribute name=\"colsep\" type=\"xs:NMTOKEN\"/>\r\n            <xs:attribute name=\"rowsep\" type=\"xs:NMTOKEN\"/>\r\n            <xs:attribute name=\"align\">\r\n                <xs:simpleType>\r\n                    <xs:restriction base=\"xs:string\">\r\n                        <xs:enumeration value=\"left\"/>\r\n                        <xs:enumeration value=\"right\"/>\r\n                        <xs:enumeration value=\"center\"/>\r\n                        <xs:enumeration value=\"justify\"/>\r\n                        <xs:enumeration value=\"char\"/>\r\n                    </xs:restriction>\r\n                </xs:simpleType>\r\n            </xs:attribute>\r\n        </xs:complexType>\r\n    </xs:element>\r\n    <xs:element name=\"colspec\">\r\n        <xs:complexType>\r\n            <xs:attribute name=\"colnum\" type=\"xs:NMTOKEN\"/>\r\n            <xs:attribute name=\"colname\" type=\"xs:NMTOKEN\"/>\r\n            <xs:attribute name=\"colwidth\" type=\"xs:string\"/>\r\n            <xs:attribute name=\"colsep\" type=\"xs:NMTOKEN\"/>\r\n            <xs:attribute name=\"rowsep\" type=\"xs:NMTOKEN\"/>\r\n            <xs:attribute name=\"align\">\r\n                <xs:simpleType>\r\n                    <xs:restriction base=\"xs:string\">\r\n                        <xs:enumeration value=\"left\"/>\r\n                        <xs:enumeration value=\"right\"/>\r\n                        <xs:enumeration value=\"center\"/>\r\n                        <xs:enumeration value=\"justify\"/>\r\n                        <xs:enumeration value=\"char\"/>\r\n                    </xs:restriction>\r\n                </xs:simpleType>\r\n            </xs:attribute>\r\n            <xs:attribute name=\"char\" type=\"xs:string\"/>\r\n            <xs:attribute name=\"charoff\" type=\"xs:NMTOKEN\"/>\r\n        </xs:complexType>\r\n    </xs:element>\r\n    <xs:element name=\"thead\">\r\n        <xs:complexType>\r\n            <xs:sequence>\r\n                <xs:element maxOccurs=\"unbounded\" ref=\"row\"/>\r\n            </xs:sequence>\r\n            <xs:attributeGroup ref=\"a.common\"/>\r\n            <xs:attribute name=\"valign\">\r\n                <xs:simpleType>\r\n                    <xs:restriction base=\"xs:string\">\r\n                        <xs:enumeration value=\"top\"/>\r\n                        <xs:enumeration value=\"middle\"/>\r\n                        <xs:enumeration value=\"bottom\"/>\r\n                    </xs:restriction>\r\n                </xs:simpleType>\r\n            </xs:attribute>\r\n        </xs:complexType>\r\n    </xs:element>\r\n    <xs:element name=\"tbody\">\r\n        <xs:complexType>\r\n            <xs:sequence>\r\n                <xs:element maxOccurs=\"unbounded\" ref=\"row\"/>\r\n            </xs:sequence>\r\n            <xs:attributeGroup ref=\"a.common\"/>\r\n            <xs:attribute name=\"valign\">\r\n                <xs:simpleType>\r\n                    <xs:restriction base=\"xs:string\">\r\n                        <xs:enumeration value=\"top\"/>\r\n                        <xs:enumeration value=\"middle\"/>\r\n                        <xs:enumeration value=\"bottom\"/>\r\n                    </xs:restriction>\r\n                </xs:simpleType>\r\n            </xs:attribute>\r\n        </xs:complexType>\r\n    </xs:element>\r\n    <xs:element name=\"row\">\r\n        <xs:complexType>\r\n            <xs:sequence>\r\n                <xs:element maxOccurs=\"unbounded\" ref=\"entry\"/>\r\n            </xs:sequence>\r\n            <xs:attributeGroup ref=\"a.common\"/>\r\n            <xs:attribute name=\"rowsep\" type=\"xs:NMTOKEN\"/>\r\n            <xs:attribute name=\"valign\">\r\n                <xs:simpleType>\r\n                    <xs:restriction base=\"xs:string\">\r\n                        <xs:enumeration value=\"top\"/>\r\n                        <xs:enumeration value=\"middle\"/>\r\n                        <xs:enumeration value=\"bottom\"/>\r\n                    </xs:restriction>\r\n                </xs:simpleType>\r\n            </xs:attribute>\r\n        </xs:complexType>\r\n    </xs:element>\r\n    <xs:element name=\"entry\">\r\n        <xs:complexType mixed=\"true\">\r\n            <xs:choice maxOccurs=\"unbounded\" minOccurs=\"0\">\r\n                <xs:group ref=\"m.table.entry\"/>\r\n            </xs:choice>\r\n            <xs:attributeGroup ref=\"a.common\"/>\r\n            <xs:attribute name=\"colname\" type=\"xs:NMTOKEN\"/>\r\n            <xs:attribute name=\"namest\" type=\"xs:NMTOKEN\"/>\r\n            <xs:attribute name=\"nameend\" type=\"xs:NMTOKEN\"/>\r\n            <xs:attribute name=\"morerows\" type=\"xs:NMTOKEN\"/>\r\n            <xs:attribute name=\"colsep\" type=\"xs:NMTOKEN\"/>\r\n            <xs:attribute name=\"rowsep\" type=\"xs:NMTOKEN\"/>\r\n            <xs:attribute name=\"align\">\r\n                <xs:simpleType>\r\n                    <xs:restriction base=\"xs:string\">\r\n                        <xs:enumeration value=\"left\"/>\r\n                        <xs:enumeration value=\"right\"/>\r\n                        <xs:enumeration value=\"center\"/>\r\n                        <xs:enumeration value=\"justify\"/>\r\n                        <xs:enumeration value=\"char\"/>\r\n                    </xs:restriction>\r\n                </xs:simpleType>\r\n            </xs:attribute>\r\n            <xs:attribute name=\"char\" type=\"xs:string\"/>\r\n            <xs:attribute name=\"charoff\" type=\"xs:NMTOKEN\"/>\r\n            <xs:attribute name=\"valign\">\r\n                <xs:simpleType>\r\n                    <xs:restriction base=\"xs:string\">\r\n                        <xs:enumeration value=\"top\"/>\r\n                        <xs:enumeration value=\"middle\"/>\r\n                        <xs:enumeration value=\"bottom\"/>\r\n                    </xs:restriction>\r\n                </xs:simpleType>\r\n            </xs:attribute>\r\n        </xs:complexType>\r\n    </xs:element>\r\n</xs:schema>\r\n\r\n','ead','','');
insert into `dev_espace`.`espace_xsd` values (22,'Audio','1.0','<?xml version=\"1.0\" encoding=\"UTF-8\"?>\r\n<xsd:schema targetNamespace=\"http://www.loc.gov/standards/AudioMD/\" xmlns:xsd=\"http://www.w3.org/2001/XMLSchema\" xmlns=\"http://www.loc.gov/standards/AudioMD/\" elementFormDefault=\"qualified\" attributeFormDefault=\"unqualified\">\r\n	<!--============================================================\r\n\r\n	 AudioMD: Audio Technical Metadata Extension Schema\r\n		\r\n	============================================================-->\r\n	<xsd:element name=\"AudioMD\" type=\"AudioMDType\"/>\r\n	<xsd:annotation>\r\n		<xsd:documentation>AudioMD: Digital Audio Archival Object Technical Metadata Element.\r\n	                 AudioMD contains technical metadata that describe a digital audio archival object. \r\n	             </xsd:documentation>\r\n	</xsd:annotation>\r\n	<xsd:annotation>\r\n		<xsd:documentation>AudioMD: Elements of a digital audio archival object.\r\n                       	The AudioMD elements describe the characteristics of a digital audio archival object.\r\n                       	AudioMD contains 6 top level elements:\r\n				1. bits_per_sample	The number of bits in a digital audio sample  i.e. quantization   e.g. 16, 24;\r\n				2. channel			Number and information about channels/tracks (e.g., 2-trk, 4-trk, 8-trk, etc.);\r\n				3. data_rate			Information about the mode and data rate of audio files in Kb/s  e.g. 16, 44.1, 96 etc;\r\n				4. duration			Duration of audio source material in time    i.e. HH:MM:SSSS format;\r\n                          5. sampling_frequency	The rate at which the audio was sampled  e.g. 44.1KHz, 96KHz, etc...;                                 				6. sound_field		 Aural space on source recording, e.g., monaural, stereo, surround sound, etc....\r\n              </xsd:documentation>\r\n	</xsd:annotation>\r\n	<xsd:element name=\"bits_per_sample\" type=\"bits_per_sampleType\"/>\r\n	<xsd:element name=\"channel\" type=\"channelType\"/>\r\n	<xsd:element name=\"data_rate\" type=\"data_rateType\"/>\r\n	<xsd:element name=\"duration\" type=\"durationType\"/>\r\n	<xsd:element name=\"sampling_frequency\" type=\"sampling_frequencyType\"/>\r\n	<xsd:element name=\"sound_field\" type=\"sound_fieldType\"/>\r\n	<xsd:complexType name=\"AudioMDType\">\r\n		<xsd:annotation>\r\n			<xsd:documentation>AudioMDType: Complex Type for encapsulating within a single\r\n                        parent element the individual digital audio archival object elements that describe an object or portion of an\r\n                        object.  But note that the individual digital audio archival object elements that comprise the\r\n                        AudioMD schema can be used independently of the schema element and  directly under a\r\n                        METS mdSec.dmWrap element. The individual elements that comprise a digital audio archival object element\r\n                        are documented under their corresponding types.\r\n                        AudioMDType has a single attribute, ID (XML ID).\r\n                    </xsd:documentation>\r\n		</xsd:annotation>\r\n		<xsd:sequence>\r\n			<xsd:element ref=\"bits_per_sample\" minOccurs=\"0\" maxOccurs=\"unbounded\"/>\r\n			<xsd:element ref=\"channel\" minOccurs=\"0\" maxOccurs=\"unbounded\"/>\r\n			<xsd:element ref=\"data_rate\" minOccurs=\"0\" maxOccurs=\"unbounded\"/>\r\n			<xsd:element ref=\"duration\" minOccurs=\"0\" maxOccurs=\"unbounded\"/>\r\n			<xsd:element ref=\"sampling_frequency\" minOccurs=\"0\" maxOccurs=\"unbounded\"/>\r\n			<xsd:element ref=\"sound_field\" minOccurs=\"0\" maxOccurs=\"unbounded\"/>\r\n		</xsd:sequence>\r\n		<xsd:attribute name=\"ID\" type=\"xsd:ID\"/>\r\n	</xsd:complexType>\r\n	<xsd:complexType name=\"bits_per_sampleType\">\r\n		<xsd:annotation>\r\n			<xsd:documentation>bits_per_sampleType: Complex Type for recording sample size of\r\n                        an item or portion of an item.  bits_per_sampleType has a single attribute, ID (XML ID).\r\n                    </xsd:documentation>\r\n		</xsd:annotation>\r\n		<xsd:simpleContent>\r\n			<xsd:restriction base=\"xsd:string\">\r\n				<xsd:attribute name=\"ID\" type=\"xsd:ID\"/>\r\n			</xsd:restriction>\r\n		</xsd:simpleContent>\r\n	</xsd:complexType>\r\n	<xsd:complexType name=\"channelType\">\r\n		<xsd:annotation>\r\n			<xsd:documentation>channelType: Complex Type for recording the channel configuration used\r\n                        in an item or portion of an item.  channelType has 2 attributes, \r\n                        ID: (XML ID)\r\n                        FIELDTYPE: qualifier of the type of channel metadata contained in the element. \r\n                        	- channelTrackQuantity: the number of channels of audio  e.g. 1, 2, 4, 5 \r\n                        	- channelTrackFormat: information about the track format  e.g. 1/4- trk, 1/2- trk, full-trk, etc... \r\n                        	- channelTrackInformation: information about the channel and track configuration\r\n                    </xsd:documentation>\r\n		</xsd:annotation>\r\n		<xsd:simpleContent>\r\n			<xsd:restriction base=\"xsd:string\">\r\n				<xsd:attribute name=\"ID\" type=\"xsd:ID\"/>\r\n				<xsd:attribute name=\"FIELDTYPE\" default=\"channelTrackQuantity\">\r\n					<xsd:simpleType>\r\n						<xsd:restriction base=\"xsd:NMTOKEN\">\r\n							<xsd:enumeration value=\"channelTrackQuantity\"/>\r\n							<xsd:enumeration value=\"channelTrackFormat\"/>\r\n							<xsd:enumeration value=\"channelTrackInformation\"/>\r\n						</xsd:restriction>\r\n					</xsd:simpleType>\r\n				</xsd:attribute>\r\n			</xsd:restriction>\r\n		</xsd:simpleContent>\r\n	</xsd:complexType>\r\n	<xsd:complexType name=\"data_rateType\">\r\n		<xsd:annotation>\r\n			<xsd:documentation>data-_rateType: Complex Type for recording the data rate (e.g. 1.5 Mbps, 4Mbps, etc...)\r\n                        of an item or portion of an item.  data_rateType has 2 attributes,  \r\n                        ID: (XML ID)\r\n                        MODE: mode of data rate  i.e. Fixed or Variable.\r\n                     </xsd:documentation>\r\n		</xsd:annotation>\r\n		<xsd:simpleContent>\r\n			<xsd:restriction base=\"xsd:string\">\r\n				<xsd:attribute name=\"ID\" type=\"xsd:ID\"/>\r\n				<xsd:attribute name=\"MODE\" type=\"xsd:string\"/>\r\n			</xsd:restriction>\r\n		</xsd:simpleContent>\r\n	</xsd:complexType>\r\n	<xsd:complexType name=\"durationType\">\r\n		<xsd:annotation>\r\n			<xsd:documentation>durationType: Complex Type for recording the duration\r\n                        of an item or portion of an item.  durationType has a single attribute, ID (XML ID).\r\n                    </xsd:documentation>\r\n		</xsd:annotation>\r\n		<xsd:simpleContent>\r\n			<xsd:restriction base=\"xsd:string\">\r\n				<xsd:attribute name=\"ID\" type=\"xsd:ID\"/>\r\n			</xsd:restriction>\r\n		</xsd:simpleContent>\r\n	</xsd:complexType>\r\n	<xsd:complexType name=\"sampling_frequencyType\">\r\n		<xsd:annotation>\r\n			<xsd:documentation>sampling_frequencyType: Complex Type for recording the sampling frequency\r\n                        of an item or portion of an item in pixels.  sampling_frequencyType has a 1 attribute, \r\n                        ID: (XML ID)\r\n                    </xsd:documentation>\r\n		</xsd:annotation>\r\n		<xsd:simpleContent>\r\n			<xsd:restriction base=\"xsd:string\">\r\n				<xsd:attribute name=\"ID\" type=\"xsd:ID\"/>\r\n			</xsd:restriction>\r\n		</xsd:simpleContent>\r\n	</xsd:complexType>\r\n	<xsd:complexType name=\"sound_fieldType\">\r\n		<xsd:annotation>\r\n			<xsd:documentation>sound_fieldType: Complex Type for recording the aural space of the\r\n                         item or portion of an item.  sound_fieldType has a single attribute, ID (XML ID).\r\n                    </xsd:documentation>\r\n		</xsd:annotation>\r\n		<xsd:simpleContent>\r\n			<xsd:restriction base=\"xsd:string\">\r\n				<xsd:attribute name=\"ID\" type=\"xsd:ID\"/>\r\n			</xsd:restriction>\r\n		</xsd:simpleContent>\r\n	</xsd:complexType>\r\n</xsd:schema>\r\n','AudioMD','audiomd','');
insert into `dev_espace`.`espace_xsd` values (23,'Audio','2.0','<?xml version=\"1.0\" encoding=\"UTF-8\"?>\r\n<!-- edited with XML Spy v4.0.1 (http://www.xmlspy.com) by D. Casey (User Technology Associates, Inc.) -->\r\n<xs:schema targetNamespace=\"http://www.loc.gov/AMD/\" xmlns:xs=\"http://www.w3.org/2001/XMLSchema\" xmlns=\"http://www.loc.gov/AMD/\" elementFormDefault=\"qualified\">\r\n	<!--============================================================\r\n\r\n  AUDIOMD: Audio Technical Metadata Extension Schema  \r\n  Initial Version:  AMD_020322.xsd (obtained from Carl\'s webpage on 03/27/2002)\r\n\r\n  Changes 03/27/2002:\r\n  DKC- Removed duplicate elements \"note\" and \"num_channels\" from the \r\n        complexType node \"physical_dataType\".\r\n     - Removed \"calibration\" from \"file_data\" due to its inclusion in \r\n        \"calibration_info\".\r\n     - Removed \"duration\" from \"physical_data\" due to its inclusion in \r\n        \"time_info\".\r\n  Changes 04/03/2002:\r\n  DKC- Duplicated the AUDIOMD node to create the AUDIOSRC node.  Removed \r\n        \"physical_data\" from AUDIOMD and \"file_data\" from AUDIOSRC.\r\n     - Created a \"audio_info\" node and moved the following nodes into it: note, \r\n        num_channels, sound_field, sound_channel_map, duration\r\n  Changes 07/25/2002\r\n  DKC- Abstracted the root element in order to provide support for both analog \r\n        and digital sources.\r\n     - Simplified the structure to eliminate the unecessary element references \r\n        and complex types.\r\n  Changes 08/22/2002\r\n  DKC- Cleaned up much of the documentation and definitions.  This should \r\n        continue.\r\n  \r\n============================================================ -->\r\n	<xs:element name=\"AUDIOMD\" type=\"audioType\"/>\r\n	<xs:element name=\"AUDIOSRC\" type=\"audioType\"/>\r\n	<xs:element name=\"file_data\" type=\"file_dataType\"/>\r\n	<xs:element name=\"physical_data\" type=\"physical_dataType\"/>\r\n	<xs:element name=\"audio_info\" type=\"audio_infoType\"/>\r\n	<xs:element name=\"calibration_info\" type=\"calibrationType\"/>\r\n	<xs:annotation>\r\n		<xs:documentation>AMD: LC-AV Audio Metadata Extension Schema.\r\n			AMD contains technical metadata that describes either a digital file or a physical source object.  It is \r\n			based upon metadata elements developed by both LC and AES.  AMD is an interim schema being used \r\n			until a final extension schema is adopted.  AUDIOMD and AUDIOSRC both complex types named \"audioType\" \r\n			and contain 4 top-level elements and 2 attributes,\r\n		        	ID: (XML ID)\r\n        			ANALOGDIGITALFLAG:  A major indicator of the type of audio object i.e Analog, PhysDigital, or FileDigital.\r\n    </xs:documentation>\r\n	</xs:annotation>\r\n	<xs:complexType name=\"audioType\">\r\n		<xs:annotation>\r\n			<xs:documentation>audioType: complexType for encapsulating and organizing within a singleparent element \r\n				the individual audio metadata elements that describe an object or portion of an object.  The four individual \r\n				elements that comprise an audio object are documented under their corresponding types.</xs:documentation>\r\n		</xs:annotation>\r\n		<xs:sequence>\r\n			<xs:element name=\"file_data\" type=\"file_dataType\" minOccurs=\"0\"/>\r\n			<xs:element name=\"physical_data\" type=\"physical_dataType\" minOccurs=\"0\"/>\r\n			<xs:element name=\"audio_info\" type=\"audio_infoType\" minOccurs=\"0\"/>\r\n			<xs:element name=\"calibration_info\" type=\"calibrationType\" minOccurs=\"0\"/>\r\n		</xs:sequence>\r\n		<xs:attribute name=\"ID\" type=\"xs:ID\"/>\r\n		<xs:attribute name=\"ANALOGDIGITALFLAG\" use=\"required\">\r\n			<xs:simpleType>\r\n				<xs:restriction base=\"xs:NMTOKEN\">\r\n					<xs:enumeration value=\"Analog\"/>\r\n					<xs:enumeration value=\"PhysDigital\"/>\r\n					<xs:enumeration value=\"FileDigital\"/>\r\n				</xs:restriction>\r\n			</xs:simpleType>\r\n		</xs:attribute>\r\n	</xs:complexType>\r\n	<xs:complexType name=\"file_dataType\">\r\n		<xs:annotation>\r\n			<xs:documentation>file_data: The file_data element is used to describe technical characteristics of an audio \r\n				file.</xs:documentation>\r\n		</xs:annotation>\r\n		<xs:sequence>\r\n			<xs:element name=\"audio_block_size\" type=\"xs:int\" minOccurs=\"0\" maxOccurs=\"unbounded\">\r\n				<xs:annotation>\r\n					<xs:documentation>audio_block_size: This is the simple element which provides a place to store the \r\n						size of an audio block (frame or sample) in bytes.</xs:documentation>\r\n				</xs:annotation>\r\n			</xs:element>\r\n			<xs:element name=\"audio_data_encoding\" type=\"xs:string\" minOccurs=\"0\" maxOccurs=\"unbounded\">\r\n				<xs:annotation>\r\n					<xs:documentation>audio_data_encoding: This is the simple element which provides a place to store \r\n						the encoding scheme of audio data,  e.g., pulse code modulation (PCM).</xs:documentation>\r\n				</xs:annotation>\r\n			</xs:element>\r\n			<xs:element name=\"bits_per_sample\" type=\"xs:int\" minOccurs=\"0\" maxOccurs=\"unbounded\">\r\n				<xs:annotation>\r\n					<xs:documentation>bits_per_sample: This is the simple element which provides a place to store the \r\n						size of a single digital audio sample in bits.</xs:documentation>\r\n				</xs:annotation>\r\n			</xs:element>\r\n			<xs:element name=\"byte_order\" minOccurs=\"0\" maxOccurs=\"unbounded\">\r\n				<xs:annotation>\r\n					<xs:documentation>byte_order: This is the simple element which provides a place to store the order \r\n						of bit significance in a byte from left to right.  i.e. 0-least-to-most, 1-most-to-least.</xs:documentation>\r\n				</xs:annotation>\r\n				<xs:simpleType>\r\n					<xs:restriction base=\"xs:int\">\r\n						<xs:enumeration value=\"0\"/>\r\n						<xs:enumeration value=\"1\"/>\r\n					</xs:restriction>\r\n				</xs:simpleType>\r\n			</xs:element>\r\n			<xs:element name=\"checksum\" type=\"checksumType\" minOccurs=\"0\" maxOccurs=\"unbounded\"/>\r\n			<xs:element name=\"compression\" type=\"compressionType\" minOccurs=\"0\" maxOccurs=\"unbounded\"/>\r\n			<xs:element name=\"data_rate\" type=\"xs:int\" minOccurs=\"0\" maxOccurs=\"unbounded\">\r\n				<xs:annotation>\r\n					<xs:documentation>data-_rate: This is the simple element which provides a place to store the data rate \r\n						(e.g. 1.5 Mbps, 4Mbps, etc...) of a digital audio file.</xs:documentation>\r\n				</xs:annotation>\r\n			</xs:element>\r\n			<xs:element name=\"data_rate_mode\" minOccurs=\"0\" maxOccurs=\"unbounded\">\r\n				<xs:annotation>\r\n					<xs:documentation>data_rate_mode: This is the simple element which provides a place to store the data \r\n						rate mode of the audio file, e.g., fixed or variable.</xs:documentation>\r\n				</xs:annotation>\r\n				<xs:simpleType>\r\n					<xs:restriction base=\"xs:string\">\r\n						<xs:enumeration value=\"Fixed\"/>\r\n						<xs:enumeration value=\"Variable\"/>\r\n					</xs:restriction>\r\n				</xs:simpleType>\r\n			</xs:element>\r\n			<xs:element name=\"first_sample_offset\" type=\"xs:int\" minOccurs=\"0\" maxOccurs=\"unbounded\">\r\n				<xs:annotation>\r\n					<xs:documentation>first_sample_offset: This is the simple element which provides a place to store the \r\n						location of the first valid sound sample in the file.</xs:documentation>\r\n				</xs:annotation>\r\n			</xs:element>\r\n			<xs:element name=\"first_valid_byte_block\" type=\"xs:int\" minOccurs=\"0\" maxOccurs=\"unbounded\">\r\n				<xs:annotation>\r\n					<xs:documentation>first_valid_byte_block: This is the simple element which provides a place to store \r\n						the location of the first valid sound byte in the block.</xs:documentation>\r\n				</xs:annotation>\r\n			</xs:element>\r\n			<xs:element name=\"format_name\" type=\"xs:string\" minOccurs=\"0\" maxOccurs=\"unbounded\">\r\n				<xs:annotation>\r\n					<xs:documentation>format_name: This is the simple element which provides a place to store the official \r\n						name for the file format taken from the format documentation,  e.g.  \"Broadcast Wave Format\" or \r\n						\"Raw\".</xs:documentation>\r\n				</xs:annotation>\r\n			</xs:element>\r\n			<xs:element name=\"format_note\" type=\"xs:string\" minOccurs=\"0\" maxOccurs=\"unbounded\">\r\n				<xs:annotation>\r\n					<xs:documentation>format_note: This is the simple element which provides a place to store application \r\n						specific information about the audio file.  e.g. SoundForge 5.0, WaveLab 3.0, etc....</xs:documentation>\r\n				</xs:annotation>\r\n			</xs:element>\r\n			<xs:element name=\"format_version\" type=\"xs:string\" minOccurs=\"0\" maxOccurs=\"unbounded\">\r\n				<xs:annotation>\r\n					<xs:documentation>format_version: This is the simple element which provides a place to store the version \r\n						of the audio format specified in format_name e.g. for format_name=\"Broadcast Wave Format\" \r\n						format_version=\"3.0\".</xs:documentation>\r\n				</xs:annotation>\r\n			</xs:element>\r\n			<xs:element name=\"last_valid_byte_block\" type=\"xs:int\" minOccurs=\"0\" maxOccurs=\"unbounded\">\r\n				<xs:annotation>\r\n					<xs:documentation>last_valid_byte_block: This is the simple element which provides a place to store the \r\n						location of the last valid sound byte in the block.</xs:documentation>\r\n				</xs:annotation>\r\n			</xs:element>\r\n			<xs:element name=\"num_sample_frames\" type=\"xs:int\" minOccurs=\"0\" maxOccurs=\"unbounded\">\r\n				<xs:annotation>\r\n					<xs:documentation>num_sample_frames: This is the simple element which provides a place to store the \r\n						sample point value for a frame in the audio file.</xs:documentation>\r\n				</xs:annotation>\r\n			</xs:element>\r\n			<xs:element name=\"sampling_frequency\" type=\"xs:float\" minOccurs=\"0\" maxOccurs=\"unbounded\">\r\n				<xs:annotation>\r\n					<xs:documentation>sampling_frequency: This is the simple element which provides a place to store the \r\n						sampling frequency of a digital audio file.</xs:documentation>\r\n				</xs:annotation>\r\n			</xs:element>\r\n			<xs:element name=\"security\" type=\"xs:string\" minOccurs=\"0\" maxOccurs=\"unbounded\">\r\n				<xs:annotation>\r\n					<xs:documentation>security: This is the simple element which provides a place to store the type of \r\n						security precautions applied to the file e.g. password, encryption, hidden, etc.</xs:documentation>\r\n				</xs:annotation>\r\n			</xs:element>\r\n			<xs:element name=\"use\" minOccurs=\"0\" maxOccurs=\"unbounded\">\r\n				<xs:annotation>\r\n					<xs:documentation>use: This is the simple element which provides a place to store the use of a digital \r\n						audio file, e.g., Master, Service High, Service Low, Preview.</xs:documentation>\r\n				</xs:annotation>\r\n				<xs:simpleType>\r\n					<xs:restriction base=\"xs:string\">\r\n						<xs:enumeration value=\"Master\"/>\r\n						<xs:enumeration value=\"Service\"/>\r\n						<xs:enumeration value=\"Service_High\"/>\r\n						<xs:enumeration value=\"Service_Low\"/>\r\n						<xs:enumeration value=\"Preview\"/>\r\n					</xs:restriction>\r\n				</xs:simpleType>\r\n			</xs:element>\r\n			<xs:element name=\"word_size\" type=\"xs:int\" minOccurs=\"0\" maxOccurs=\"unbounded\">\r\n				<xs:annotation>\r\n					<xs:documentation>word_size: This is the simple element which provides a place to store the numberof \r\n						bytes that comprise a single sample of audio data; may be greater than actual significant sample size \r\n						expressed in bits.</xs:documentation>\r\n				</xs:annotation>\r\n			</xs:element>\r\n		</xs:sequence>\r\n		<xs:attribute name=\"ID\" type=\"xs:ID\"/>\r\n	</xs:complexType>\r\n	<xs:complexType name=\"physical_dataType\">\r\n		<xs:annotation>\r\n			<xs:documentation>physical_data: The physical_data element describes the physical nature of an audio object if \r\n				it exists as such (i.e. it is not a file).  This will generally apply to analog items but may also be used to describe \r\n				digital formats such as open reel digital, DAT, ADAT tape, CD-R, etc....</xs:documentation>\r\n		</xs:annotation>\r\n		<xs:sequence>\r\n			<xs:element name=\"condition\" type=\"xs:string\" minOccurs=\"0\" maxOccurs=\"unbounded\">\r\n				<xs:annotation>\r\n					<xs:documentation>condition: This is the simple element which provides a place to store the physical \r\n						condition of an audio item.</xs:documentation>\r\n				</xs:annotation>\r\n			</xs:element>\r\n			<xs:element name=\"dimensions\" type=\"dimensionsType\" minOccurs=\"0\" maxOccurs=\"unbounded\"/>\r\n			<xs:element name=\"disposition\" type=\"xs:string\" minOccurs=\"0\" maxOccurs=\"unbounded\">\r\n				<xs:annotation>\r\n					<xs:documentation>disposition: This is the simple element which provides a place to store what became \r\n						of an audio source item.</xs:documentation>\r\n				</xs:annotation>\r\n			</xs:element>\r\n			<xs:element name=\"equalization\" type=\"xs:string\" minOccurs=\"0\" maxOccurs=\"unbounded\">\r\n				<xs:annotation>\r\n					<xs:documentation>equalization:This is the simple element which provides a place to store the \r\n						equalization specifications or characteristics of an audio source item.</xs:documentation>\r\n				</xs:annotation>\r\n			</xs:element>\r\n			<xs:element name=\"generation\" type=\"xs:string\" minOccurs=\"0\" maxOccurs=\"unbounded\">\r\n				<xs:annotation>\r\n					<xs:documentation>generation: This is the simple element which provides a place to store the generation \r\n						of an audio source item.</xs:documentation>\r\n				</xs:annotation>\r\n			</xs:element>\r\n			<xs:element name=\"groove\" type=\"xs:string\" minOccurs=\"0\" maxOccurs=\"unbounded\">\r\n				<xs:annotation>\r\n					<xs:documentation>groove: This is the simple element which provides a place to store the type of disc \r\n						groove of an audio source item.</xs:documentation>\r\n				</xs:annotation>\r\n			</xs:element>\r\n			<xs:element name=\"material\" type=\"materialType\" minOccurs=\"0\" maxOccurs=\"unbounded\"/>\r\n			<xs:element name=\"noise_reduction\" type=\"xs:string\" minOccurs=\"0\" maxOccurs=\"unbounded\">\r\n				<xs:annotation>\r\n					<xs:documentation>noise_reduction: This is the simple element which provides a place to store the type \r\n						of noise reduction used in an audio source item, if any.</xs:documentation>\r\n				</xs:annotation>\r\n			</xs:element>\r\n			<xs:element name=\"phys_format\" type=\"xs:string\" minOccurs=\"0\" maxOccurs=\"unbounded\">\r\n				<xs:annotation>\r\n					<xs:documentation>phys_format: This is the simple element which provides a place to store the \r\n						physical format of the audio item.  e.g. reel-to-reel tape, 1/4 inch cassette, etc...</xs:documentation>\r\n				</xs:annotation>\r\n			</xs:element>\r\n			<xs:element name=\"speed\" type=\"xs:string\" minOccurs=\"0\" maxOccurs=\"unbounded\">\r\n				<xs:annotation>\r\n					<xs:documentation>speed: This is the simple element which provides a place to store the nominal \r\n						playback speed of an audio source item.</xs:documentation>\r\n				</xs:annotation>\r\n			</xs:element>\r\n			<xs:element name=\"speed_adjustment\" type=\"xs:string\" minOccurs=\"0\" maxOccurs=\"unbounded\">\r\n				<xs:annotation>\r\n					<xs:documentation>speed_adjustment: This is the simple element which provides a place to store the \r\n						speed adjustment required to playback an audio source item at its nominal speed.</xs:documentation>\r\n				</xs:annotation>\r\n			</xs:element>\r\n			<xs:element name=\"speed_note\" type=\"xs:string\" minOccurs=\"0\" maxOccurs=\"unbounded\">\r\n				<xs:annotation>\r\n					<xs:documentation>speed_note: This is the simple element which provides a place to store the \r\n						miscellaneous information about the speed of an audio source item.</xs:documentation>\r\n				</xs:annotation>\r\n			</xs:element>\r\n			<xs:element name=\"track_format\" type=\"xs:string\" minOccurs=\"0\" maxOccurs=\"unbounded\">\r\n				<xs:annotation>\r\n					<xs:documentation>track_format: This is the simple element which provides a place to store the track \r\n						format of an audio source item.</xs:documentation>\r\n				</xs:annotation>\r\n			</xs:element>\r\n			<xs:element name=\"tracking\" type=\"trackingType\" minOccurs=\"0\" maxOccurs=\"unbounded\"/>\r\n		</xs:sequence>\r\n		<xs:attribute name=\"ID\" type=\"xs:ID\"/>\r\n	</xs:complexType>\r\n	<xs:complexType name=\"audio_infoType\">\r\n		<xs:annotation>\r\n			<xs:documentation>audio_info: The audio_info element is used to describe audio characteristics of an object \r\n				that not specific to either the physical object or a digital representation.</xs:documentation>\r\n		</xs:annotation>\r\n		<xs:sequence>\r\n			<xs:element name=\"duration\" type=\"xs:string\" minOccurs=\"0\" maxOccurs=\"unbounded\">\r\n				<xs:annotation>\r\n					<xs:documentation>duration: This is the simple element which provides a place to store the \r\n						duration of a digital audio file.</xs:documentation>\r\n				</xs:annotation>\r\n			</xs:element>\r\n			<xs:element name=\"note\" type=\"xs:string\" minOccurs=\"0\" maxOccurs=\"unbounded\">\r\n				<xs:annotation>\r\n					<xs:documentation>note: This is the simple element which provides a place to store miscellaneous \r\n						information about the audio item.  e.g. digital alterations or enhancements to improve \r\n						quality.</xs:documentation>\r\n				</xs:annotation>\r\n			</xs:element>\r\n			<xs:element name=\"num_channels\" type=\"xs:string\" minOccurs=\"0\" maxOccurs=\"unbounded\">\r\n				<xs:annotation>\r\n					<xs:documentation>num_channels: This is the simple element which provides a place to store the \r\n						number of channels of audio in the audio item.  e.g. 1, 2, 5, 6, etc...</xs:documentation>\r\n				</xs:annotation>\r\n			</xs:element>\r\n			<xs:element name=\"sound_channel_map\" type=\"sound_channel_mapType\" minOccurs=\"0\" maxOccurs=\"unbounded\"/>\r\n			<xs:element name=\"sound_field\" type=\"xs:string\" minOccurs=\"0\" maxOccurs=\"unbounded\">\r\n				<xs:annotation>\r\n					<xs:documentation>sound_field: This is the simple element which provides a place to store the \r\n						aural space of the item or portion of an item.</xs:documentation>\r\n				</xs:annotation>\r\n			</xs:element>\r\n		</xs:sequence>\r\n		<xs:attribute name=\"ID\" type=\"xs:ID\"/>\r\n	</xs:complexType>\r\n	<xs:complexType name=\"calibrationType\">\r\n		<xs:annotation>\r\n			<xs:documentation>calibrationType: complexType for storing the type of calibration related characteristics of \r\n				an audio object, regardless of physical or digital format.\r\n				calibrationType has 1 attribute and 4 elements. \r\n	       	 		ID: (XML ID) \r\n       	 			- calibration_ext_int: indicates whether the calibration data is within digital audio file or in a separate file; \r\n		        		- calibration_location: the location of the calibration file if it is external  e.g. URN, URL, etc...; \r\n        				- calibration_time_stamp: the start time of the calibration file if it is internal  i.e. HH:MM:SSss...;\r\n		        		- calibration_type: defines the type of calibration data.\r\n			</xs:documentation>\r\n		</xs:annotation>\r\n		<xs:sequence>\r\n			<xs:element name=\"calibration_ext_int\" type=\"xs:string\" minOccurs=\"0\"/>\r\n			<xs:element name=\"calibration_location\" type=\"xs:string\" minOccurs=\"0\"/>\r\n			<xs:element name=\"calibration_time_stamp\" type=\"xs:string\" minOccurs=\"0\"/>\r\n			<xs:element name=\"calibration_track_type\" type=\"xs:string\" minOccurs=\"0\"/>\r\n		</xs:sequence>\r\n		<xs:attribute name=\"ID\" type=\"xs:ID\"/>\r\n	</xs:complexType>\r\n	<xs:complexType name=\"checksumType\">\r\n		<xs:annotation>\r\n			<xs:documentation>checksumType: complexType for recording the type of checksum used for a digital audio file.  \r\n				In most cases, this will be an md5 checksum as this is the only checksum allowed within the METS schema.\r\n				checksumType has 1 attribute and 3 elements. \r\n		        		ID: (XML ID) \r\n        				- checksum_datetime: datetime the checksum was calculated and applied; \r\n		        		- checksum_type: the type of checksum used;\r\n        				- checksum_value: the checksum value.\r\n      		</xs:documentation>\r\n		</xs:annotation>\r\n		<xs:sequence>\r\n			<xs:element name=\"checksum_datetime\" type=\"xs:dateTime\" minOccurs=\"0\"/>\r\n			<xs:element name=\"checksum_type\" type=\"xs:string\" minOccurs=\"0\"/>\r\n			<xs:element name=\"checksum_value\" type=\"xs:string\" minOccurs=\"0\"/>\r\n		</xs:sequence>\r\n		<xs:attribute name=\"ID\" type=\"xs:ID\"/>\r\n	</xs:complexType>\r\n	<xs:complexType name=\"compressionType\">\r\n		<xs:annotation>\r\n			<xs:documentation>compressionType: complexType for recording the type of compression used for a digital \r\n			audio file.\r\n			compressionType has 1 attribute and 3 elements. \r\n	        		ID: (XML ID) \r\n       	 		- codec_creator_app: name of the creator of the compression application e.g. SoundForge, etc...; \r\n        			- codec_creator_app_version: version of the compression application  e.g. 5.0, etc...; \r\n        			- codec_name: the name of the compression algorithm used e.g. Fraunhofer, Huffman, etc..;\r\n	        		- codec_quality: impact of the  compression on quality  e.g. lossless or lossy.\r\n      		</xs:documentation>\r\n		</xs:annotation>\r\n		<xs:sequence>\r\n			<xs:element name=\"codec_creator_app\" type=\"xs:string\" minOccurs=\"0\"/>\r\n			<xs:element name=\"codec_creator_app_version\" type=\"xs:string\" minOccurs=\"0\"/>\r\n			<xs:element name=\"codec_name\" type=\"xs:string\" minOccurs=\"0\"/>\r\n			<xs:element name=\"codec_quality\" minOccurs=\"0\">\r\n				<xs:simpleType>\r\n					<xs:restriction base=\"xs:NMTOKEN\">\r\n						<xs:enumeration value=\"lossless\"/>\r\n						<xs:enumeration value=\"lossy\"/>\r\n					</xs:restriction>\r\n				</xs:simpleType>\r\n			</xs:element>\r\n		</xs:sequence>\r\n		<xs:attribute name=\"ID\" type=\"xs:ID\"/>\r\n	</xs:complexType>\r\n	<xs:complexType name=\"dimensionsType\">\r\n		<xs:annotation>\r\n			<xs:documentation>dimensionsType: Complex Type for recording the dimensions of an object. \r\n			dimensionsType has the following attributes:\r\n	        		1. DEPTH: the depth as a floating point number;\r\n       	 		2. DIAMETER: The diameter of a circular item as a floating point number;\r\n        			3. GAUGE: The width of the medium unwound (e.g. tape);\r\n        			4. HEIGHT: The height as a floating point number;\r\n	        		5. LENGTH: The length of the medium unwound (e.g. tape);\r\n       	 		6. NOTE: Miscellaneous information about the dimensions;\r\n        			7. THICKNESS: the thickness of the medium unwound (e.g. tape);\r\n	        		8. UNITS: the unit of measurement;\r\n       	 		9. WIDTH: the width as a floating point number.\r\n			</xs:documentation>\r\n		</xs:annotation>\r\n		<xs:attribute name=\"DEPTH\" type=\"xs:float\"/>\r\n		<xs:attribute name=\"DIAMETER\" type=\"xs:float\"/>\r\n		<xs:attribute name=\"GAUGE\" type=\"xs:string\"/>\r\n		<xs:attribute name=\"HEIGHT\" type=\"xs:float\"/>\r\n		<xs:attribute name=\"LENGTH\" type=\"xs:string\"/>\r\n		<xs:attribute name=\"NOTE\" type=\"xs:string\"/>\r\n		<xs:attribute name=\"THICKNESS\" type=\"xs:string\"/>\r\n		<xs:attribute name=\"UNITS\" type=\"xs:string\"/>\r\n		<xs:attribute name=\"WIDTH\" type=\"xs:float\"/>\r\n	</xs:complexType>\r\n	<xs:complexType name=\"materialType\">\r\n		<xs:annotation>\r\n			<xs:documentation>materialType: Complex Type for recording the physical characteristics of the construction and \r\n				material of an audio source item.\r\n				materialType has 1 attribute and 6 elements. \r\n		        		ID: (XML ID)\r\n       		 		- base_material: type of material used in the recording carrier  e.g plastic, glass, vinyl, mylar, etc...\r\n        				- binder: type of adhesive used to bind the recording surface to the substrate \r\n		        		- disc_surface: the type of recording surface aluminium, celluloid etc..\r\n        				- oxide: type of oxide used on the recording surface,  e.g. cobalt, chromium dioxide, ferrous oxide\r\n		        		- reflective_layer: type of material used on the recording surface, e.g. dye, tellurium-selenium alloy, etc..\r\n        				- stock_brand: name of the manufacturer of the recording medium, e.g. Scotch, Maxell, Sony, etc...\r\n      		</xs:documentation>\r\n		</xs:annotation>\r\n		<xs:sequence>\r\n			<xs:element name=\"base_material\" type=\"xs:string\" minOccurs=\"0\"/>\r\n			<xs:element name=\"binder\" type=\"xs:string\" minOccurs=\"0\"/>\r\n			<xs:element name=\"disc_surface\" type=\"xs:string\" minOccurs=\"0\"/>\r\n			<xs:element name=\"oxide\" type=\"xs:string\" minOccurs=\"0\"/>\r\n			<xs:element name=\"reflective_layer\" type=\"xs:string\" minOccurs=\"0\"/>\r\n			<xs:element name=\"stock_brand\" type=\"xs:string\" minOccurs=\"0\"/>\r\n		</xs:sequence>\r\n		<xs:attribute name=\"ID\" type=\"xs:ID\"/>\r\n	</xs:complexType>\r\n	<xs:complexType name=\"sound_channel_mapType\">\r\n		<xs:annotation>\r\n			<xs:documentation>sound_channel_mapType:  Complex type for describing the aural layout of any audio tracks.  \r\n				The sound_channel_map element is used to wrap any number of channel_assignment elements.  This \r\n				structure is used to describe the relationship of sound channels to their destination.  Generally, the destination \r\n				will be a location on the sound stage though it could also be something more specialized such as a time code \r\n				reader or even the channels of a mixing board.  The channel_assignment element maps a sound channel to \r\n				its destination.  There are 2 required attributes. The channe_num identifies the sound channel of this audio \r\n				object. Note that the first channel_num is 0 while each subsequent channel is incremented by 1.  \r\n				The map_location attribute specifies the destination.</xs:documentation>\r\n		</xs:annotation>\r\n		<xs:sequence>\r\n			<xs:element name=\"channel_assignment\" minOccurs=\"0\">\r\n				<xs:complexType>\r\n					<xs:attribute name=\"CHANNELNUM\" type=\"xs:nonNegativeInteger\"/>\r\n					<xs:attribute name=\"MAPLOCATION\" type=\"xs:string\"/>\r\n				</xs:complexType>\r\n			</xs:element>\r\n		</xs:sequence>\r\n	</xs:complexType>\r\n	<xs:complexType name=\"trackingType\">\r\n		<xs:annotation>\r\n			<xs:documentation>trackingType: Complex Type for recording tracking information about an audio source item.  \r\n			trackingType has 1 attribute and 2 elements. \r\n        			ID: (XML ID) \r\n				- tracking_type: The type of tracking code, e.g., MAVIS number, actual shelf numbers, bar-code, etc.;\r\n	        		- tracking_value: Shelf number or other identifier for source, e.g., MAVIS number, actual shelf numbers, etc..\r\n      		</xs:documentation>\r\n		</xs:annotation>\r\n		<xs:sequence>\r\n			<xs:element name=\"tracking_type\" type=\"xs:string\" minOccurs=\"0\"/>\r\n			<xs:element name=\"tracking_value\" type=\"xs:string\" minOccurs=\"0\"/>\r\n		</xs:sequence>\r\n		<xs:attribute name=\"ID\" type=\"xs:ID\"/>\r\n	</xs:complexType>\r\n</xs:schema>\r\n','AUDIOMD','','');
insert into `dev_espace`.`espace_xsd` values (24,'Fedora Object XML','1.1','<?xml version=\"1.0\" encoding=\"UTF-8\"?>\r\n<xsd:schema targetNamespace=\"info:fedora/fedora-system:def/foxml#\" xmlns=\"info:fedora/fedora-system:def/foxml#\" xmlns:xsd=\"http://www.w3.org/2001/XMLSchema\" elementFormDefault=\"qualified\" attributeFormDefault=\"unqualified\">\r\n	<!-- the root element for FOXML: digitalObject -->\r\n	<xsd:element name=\"digitalObject\">\r\n		<xsd:annotation>\r\n			<xsd:documentation/>\r\n		</xsd:annotation>\r\n		<xsd:complexType>\r\n			<xsd:complexContent>\r\n				<xsd:extension base=\"digitalObjectType\"/>\r\n\r\n			</xsd:complexContent>\r\n		</xsd:complexType>\r\n	</xsd:element>\r\n	<!-- complex type declarations -->\r\n	<xsd:complexType name=\"digitalObjectType\">\r\n		<xsd:sequence>\r\n			<xsd:element name=\"objectProperties\" type=\"objectPropertiesType\"/>\r\n			<xsd:element name=\"datastream\" type=\"datastreamType\" minOccurs=\"0\" maxOccurs=\"unbounded\"/>\r\n			<xsd:element name=\"disseminator\" type=\"disseminatorType\" minOccurs=\"0\" maxOccurs=\"unbounded\"/>\r\n\r\n		</xsd:sequence>\r\n		<xsd:attribute name=\"PID\" type=\"pidType\" use=\"optional\"/>\r\n		<xsd:attribute name=\"FEDORA_URI\" type=\"xsd:anyURI\" use=\"optional\"/>\r\n		<xsd:anyAttribute namespace=\"##other\" processContents=\"lax\"/>\r\n	</xsd:complexType>\r\n	<xsd:complexType name=\"objectPropertiesType\">\r\n		<xsd:sequence>\r\n			<xsd:element name=\"property\" type=\"propertyType\" maxOccurs=\"unbounded\"/>\r\n			<xsd:element name=\"extproperty\" type=\"extpropertyType\" minOccurs=\"0\" maxOccurs=\"unbounded\"/>\r\n\r\n		</xsd:sequence>\r\n	</xsd:complexType>\r\n	<xsd:complexType name=\"datastreamType\">\r\n		<xsd:sequence>\r\n			<xsd:element name=\"datastreamVersion\" type=\"datastreamVersionType\" maxOccurs=\"unbounded\"/>\r\n		</xsd:sequence>\r\n		<xsd:attribute name=\"ID\" type=\"idType\" use=\"required\"/>\r\n		<xsd:attribute name=\"CONTROL_GROUP\" use=\"required\">\r\n			<xsd:simpleType>\r\n\r\n				<xsd:restriction base=\"xsd:string\">\r\n					<xsd:enumeration value=\"E\"/>\r\n					<xsd:enumeration value=\"M\"/>\r\n					<xsd:enumeration value=\"R\"/>\r\n					<xsd:enumeration value=\"X\"/>\r\n					<xsd:enumeration value=\"B\"/>\r\n				</xsd:restriction>\r\n			</xsd:simpleType>\r\n		</xsd:attribute>\r\n\r\n		<xsd:attribute name=\"FEDORA_URI\" type=\"xsd:anyURI\" use=\"optional\"/>\r\n		<xsd:attribute name=\"STATE\" type=\"stateType\" use=\"optional\"/>\r\n		<xsd:attribute name=\"VERSIONABLE\" type=\"xsd:boolean\" use=\"optional\" default=\"true\"/>\r\n\r\n	</xsd:complexType>\r\n	<xsd:complexType name=\"datastreamVersionType\">\r\n		<xsd:sequence>\r\n			<xsd:choice>\r\n				<xsd:element name=\"xmlContent\" type=\"xmlContentType\"/>\r\n\r\n				<xsd:element name=\"contentLocation\" type=\"contentLocationType\"/>\r\n				<xsd:element name=\"binaryContent\" type=\"xsd:base64Binary\"/>\r\n			</xsd:choice>\r\n			<xsd:element name=\"contentDigest\" type=\"contentDigestType\" minOccurs=\"0\"/>\r\n		</xsd:sequence>\r\n		<xsd:attribute name=\"ID\" type=\"idType\" use=\"required\"/>\r\n		<xsd:attribute name=\"LABEL\" type=\"xsd:string\" use=\"optional\"/>\r\n		<xsd:attribute name=\"CREATED\" type=\"xsd:dateTime\" use=\"optional\"/>\r\n		<xsd:attribute name=\"MIMETYPE\" type=\"xsd:string\" use=\"required\"/>\r\n\r\n		<xsd:attribute name=\"ALT_IDS\" type=\"uriListType\" use=\"optional\"/>\r\n		<xsd:attribute name=\"FORMAT_URI\" type=\"xsd:anyURI\" use=\"optional\"/>\r\n		<xsd:attribute name=\"SIZE\" type=\"xsd:long\" use=\"optional\" default=\"0\"/>\r\n	</xsd:complexType>\r\n	<xsd:complexType name=\"contentDigestType\">\r\n		<xsd:attribute name=\"TYPE\" use=\"required\">\r\n			<xsd:simpleType>\r\n				<xsd:restriction base=\"xsd:string\">\r\n					<xsd:enumeration value=\"MD5\"/>\r\n\r\n					<xsd:enumeration value=\"SHA-1\"/>\r\n					<xsd:enumeration value=\"SHA-256\"/>\r\n					<xsd:enumeration value=\"SHA-384\"/>\r\n					<xsd:enumeration value=\"SHA-512\"/>\r\n					<xsd:enumeration value=\"HAVAL\"/>\r\n					<xsd:enumeration value=\"TIGER\"/>\r\n					<xsd:enumeration value=\"WHIRLPOOL\"/>\r\n				</xsd:restriction>\r\n			</xsd:simpleType>\r\n\r\n		</xsd:attribute>\r\n		<xsd:attribute name=\"DIGEST\" type=\"xsd:string\" use=\"required\"/>\r\n	</xsd:complexType>\r\n	<xsd:complexType name=\"xmlContentType\">\r\n		<xsd:sequence>\r\n			<xsd:any namespace=\"##any\" processContents=\"skip\" maxOccurs=\"unbounded\"/>\r\n		</xsd:sequence>\r\n	</xsd:complexType>\r\n	<xsd:complexType name=\"contentLocationType\">\r\n\r\n		<xsd:attribute name=\"TYPE\" use=\"required\">\r\n			<xsd:simpleType>\r\n				<xsd:restriction base=\"xsd:string\">\r\n					<xsd:enumeration value=\"INTERNAL_ID\"/>\r\n					<xsd:enumeration value=\"URL\"/>\r\n				</xsd:restriction>\r\n			</xsd:simpleType>\r\n		</xsd:attribute>\r\n		<xsd:attribute name=\"REF\" use=\"required\">\r\n\r\n			<xsd:simpleType>\r\n				<xsd:restriction base=\"xsd:anyURI\">\r\n					<xsd:minLength value=\"1\"/>\r\n				</xsd:restriction>\r\n			</xsd:simpleType>\r\n			<!--<xsd:simpleType>-->\r\n			<!-- <xsd:restriction base=\"xsd:token\">-->\r\n			<!--<xsd:minLength value=\"1\"/>-->\r\n			<!--</xsd:restriction>-->\r\n\r\n			<!--</xsd:simpleType>-->\r\n		</xsd:attribute>\r\n	</xsd:complexType>\r\n	<xsd:complexType name=\"disseminatorType\">\r\n		<xsd:sequence>\r\n			<xsd:element name=\"disseminatorVersion\" type=\"disseminatorVersionType\" maxOccurs=\"unbounded\"/>\r\n		</xsd:sequence>\r\n		<xsd:attribute name=\"ID\" type=\"idType\" use=\"required\"/>\r\n		<xsd:attribute name=\"BDEF_CONTRACT_PID\" use=\"required\">\r\n\r\n			<xsd:simpleType>\r\n				<xsd:restriction base=\"nonEmptyStringType\">\r\n					<xsd:maxLength value=\"64\"/>\r\n				</xsd:restriction>\r\n			</xsd:simpleType>\r\n		</xsd:attribute>\r\n		<xsd:attribute name=\"STATE\" type=\"stateType\" use=\"optional\"/>\r\n		<xsd:attribute name=\"VERSIONABLE\" type=\"xsd:boolean\" use=\"optional\" default=\"true\"/>\r\n	</xsd:complexType>\r\n\r\n	<xsd:complexType name=\"disseminatorVersionType\">\r\n		<xsd:sequence>\r\n			<xsd:element name=\"serviceInputMap\" type=\"serviceInputMapType\" minOccurs=\"0\"/>\r\n		</xsd:sequence>\r\n		<xsd:attribute name=\"ID\" type=\"idType\" use=\"required\"/>\r\n		<xsd:attribute name=\"BMECH_SERVICE_PID\" use=\"required\">\r\n			<xsd:simpleType>\r\n				<xsd:restriction base=\"nonEmptyStringType\">\r\n					<xsd:maxLength value=\"64\"/>\r\n\r\n				</xsd:restriction>\r\n			</xsd:simpleType>\r\n		</xsd:attribute>\r\n		<xsd:attribute name=\"CREATED\" type=\"xsd:dateTime\" use=\"optional\"/>\r\n		<xsd:attribute name=\"LABEL\" type=\"xsd:string\" use=\"optional\"/>\r\n	</xsd:complexType>\r\n	<xsd:complexType name=\"serviceInputMapType\">\r\n		<xsd:sequence>\r\n			<xsd:element name=\"datastreamBinding\" type=\"datastreamBindingType\" maxOccurs=\"unbounded\"/>\r\n\r\n		</xsd:sequence>\r\n	</xsd:complexType>\r\n	<xsd:complexType name=\"datastreamBindingType\">\r\n		<xsd:attribute name=\"KEY\" use=\"required\">\r\n			<xsd:simpleType>\r\n				<xsd:restriction base=\"nonEmptyStringType\">\r\n					<xsd:maxLength value=\"64\"/>\r\n				</xsd:restriction>\r\n			</xsd:simpleType>\r\n\r\n		</xsd:attribute>\r\n		<xsd:attribute name=\"DATASTREAM_ID\" type=\"xsd:IDREF\" use=\"required\"/>\r\n		<xsd:attribute name=\"LABEL\" type=\"xsd:string\" use=\"optional\"/>\r\n		<xsd:attribute name=\"ORDER\" type=\"xsd:string\" use=\"optional\"/>\r\n	</xsd:complexType>\r\n	<xsd:complexType name=\"propertyType\">\r\n		<xsd:attribute name=\"NAME\" use=\"required\">\r\n			<xsd:simpleType>\r\n				<xsd:restriction base=\"xsd:string\">\r\n\r\n					<xsd:enumeration value=\"http://www.w3.org/1999/02/22-rdf-syntax-ns#type\"/>\r\n					<xsd:enumeration value=\"info:fedora/fedora-system:def/model#state\"/>\r\n					<xsd:enumeration value=\"info:fedora/fedora-system:def/model#label\"/>\r\n					<xsd:enumeration value=\"info:fedora/fedora-system:def/model#createdDate\"/>\r\n					<xsd:enumeration value=\"info:fedora/fedora-system:def/view#lastModifiedDate\"/>\r\n					<xsd:enumeration value=\"info:fedora/fedora-system:def/model#contentModel\"/>\r\n				</xsd:restriction>\r\n			</xsd:simpleType>\r\n		</xsd:attribute>\r\n\r\n		<xsd:attribute name=\"VALUE\" type=\"xsd:string\" use=\"required\"/>\r\n	</xsd:complexType>\r\n	<xsd:complexType name=\"extpropertyType\">\r\n		<xsd:attribute name=\"NAME\" type=\"xsd:string\" use=\"required\"/>\r\n		<xsd:attribute name=\"VALUE\" type=\"xsd:string\" use=\"required\"/>\r\n	</xsd:complexType>\r\n	<xsd:simpleType name=\"stateType\">\r\n		<xsd:restriction base=\"xsd:string\">\r\n			<xsd:enumeration value=\"A\"/>\r\n\r\n			<xsd:enumeration value=\"D\"/>\r\n			<xsd:enumeration value=\"I\"/>\r\n		</xsd:restriction>\r\n	</xsd:simpleType>\r\n	<!-- See http://www.fedora.info/definitions/identifiers/ -->\r\n	<xsd:simpleType name=\"pidType\">\r\n		<xsd:restriction base=\"xsd:string\">\r\n			<xsd:maxLength value=\"64\"/>\r\n			<xsd:pattern value=\"([A-Za-z0-9]|-|\\.)+:(([A-Za-z0-9])|-|\\.|~|_|(%[0-9A-F]{2}))+\"/>\r\n\r\n		</xsd:restriction>\r\n	</xsd:simpleType>\r\n	<xsd:simpleType name=\"nonEmptyStringType\">\r\n		<xsd:restriction base=\"xsd:string\">\r\n			<xsd:minLength value=\"1\"/>\r\n		</xsd:restriction>\r\n	</xsd:simpleType>\r\n	<xsd:simpleType name=\"idType\">\r\n		<xsd:restriction base=\"xsd:ID\">\r\n\r\n			<xsd:maxLength value=\"64\"/>\r\n		</xsd:restriction>\r\n	</xsd:simpleType>\r\n	<xsd:simpleType name=\"uriListType\">\r\n		<xsd:list itemType=\"xsd:anyURI\"/>\r\n	</xsd:simpleType>\r\n</xsd:schema>\r\n','digitalObject','foxml','');
insert into `dev_espace`.`espace_xsd` values (25,'OAI DC','2.0','<xs:schema targetNamespace=\"http://www.openarchives.org/OAI/2.0/oai_dc/\" \r\n        xmlns:xs=\"http://www.w3.org/2001/XMLSchema\"\r\n        xmlns:oai_dc=\"http://www.openarchives.org/OAI/2.0/oai_dc/\" \r\n        xmlns:dc=\"http://purl.org/dc/elements/1.1/\" \r\n        xmlns=\"http://www.w3.org/2001/XMLSchema\" \r\n        elementFormDefault=\"qualified\" attributeFormDefault=\"unqualified\">\r\n	\r\n<xs:annotation>\r\n  <xs:documentation> \r\n      XML Schema 2002-03-18 by Pete Johnston.\r\n      Adjusted for usage in the OAI-PMH.\r\n      Schema imports the Dublin Core elements from the DCMI schema for unqualified Dublin Core.\r\n      2002-12-19 updated to use simpledc20021212.xsd (instead of simpledc20020312.xsd)\r\n  </xs:documentation>\r\n</xs:annotation>\r\n\r\n<import namespace=\"http://purl.org/dc/elements/1.1/\" \r\n        schemaLocation=\"http://dublincore.org/schemas/xmls/simpledc20021212.xsd\"/>\r\n	\r\n<xs:element name=\"dc\" type=\"oai_dcType\"/>\r\n\r\n<xs:complexType name=\"oai_dcType\">\r\n  <xs:choice minOccurs=\"0\" maxOccurs=\"unbounded\">\r\n    <xs:element ref=\"dc:title\"/>\r\n    <xs:element ref=\"dc:creator\"/>\r\n    <xs:element ref=\"dc:subject\"/>\r\n    <xs:element ref=\"dc:description\"/>\r\n    <xs:element ref=\"dc:publisher\"/>\r\n    <xs:element ref=\"dc:contributor\"/>\r\n    <xs:element ref=\"dc:date\"/>\r\n    <xs:element ref=\"dc:type\"/>\r\n    <xs:element ref=\"dc:format\"/>\r\n    <xs:element ref=\"dc:identifier\"/>\r\n    <xs:element ref=\"dc:source\"/>\r\n    <xs:element ref=\"dc:language\"/>\r\n    <xs:element ref=\"dc:relation\"/>\r\n    <xs:element ref=\"dc:coverage\"/>\r\n    <xs:element ref=\"dc:rights\"/>\r\n  </xs:choice>\r\n</xs:complexType>\r\n\r\n  <xs:element name=\"dc:title\"/>\r\n  <xs:element name=\"dc:creator\"/>\r\n  <xs:element name=\"dc:subject\"/>\r\n  <xs:element name=\"dc:description\"/>\r\n  <xs:element name=\"dc:publisher\"/>\r\n  <xs:element name=\"dc:contributor\"/>\r\n  <xs:element name=\"dc:date\"/>\r\n  <xs:element name=\"dc:type\"/>\r\n  <xs:element name=\"dc:format\"/>\r\n  <xs:element name=\"dc:identifier\"/>\r\n  <xs:element name=\"dc:source\"/>\r\n  <xs:element name=\"dc:language\"/>\r\n  <xs:element name=\"dc:relation\"/>\r\n  <xs:element name=\"dc:coverage\"/>\r\n  <xs:element name=\"dc:rights\"/>\r\n\r\n</xs:schema>','dc','oai_dc','');
insert into `dev_espace`.`espace_xsd` values (27,'RELS-EXT','1.0 - Cut down','<?xml version=\"1.0\" encoding=\"UTF-8\"?>\r\n<xsd:schema xmlns:xsd=\"http://www.w3.org/2001/XMLSchema\" targetNamespace=\"http://www.w3.org/1999/02/22-rdf-syntax-ns#\" xmlns:rel=\"info:fedora/fedora-system:def/relations-external#\">\r\n\r\n<!-- the root element for RELS-EXT-->\r\n<xsd:element name=\"RDF\" type=\"RDFType\"/>\r\n\r\n<xsd:complexType name=\"RDFType\">\r\n    <xsd:sequence>\r\n      <xsd:element name=\"description\" type=\"descriptionType\" />\r\n    </xsd:sequence>\r\n</xsd:complexType>\r\n\r\n<xsd:complexType name=\"descriptionType\" about=\"\">\r\n  <xsd:sequence>\r\n        <xsd:attribute name=\"about\" />\r\n        <xsd:element name=\"isMemberOf\">\r\n            <xsd:attribute name=\"resource\" />\r\n        </xsd:element>\r\n  </xsd:sequence>\r\n</xsd:complexType>\r\n\r\n\r\n</xsd:schema>\r\n','RDF','rdf','rel');
insert into `dev_espace`.`espace_xsd` values (28,'eSpaceMD','1.0','<?xml version=\"1.0\" encoding=\"UTF-8\"?>\r\n<xsd:schema xmlns:xsd=\"http://www.w3.org/2001/XMLSchema\" elementFormDefault=\"qualified\" attributeFormDefault=\"unqualified\">\r\n	<!--============================================================\r\n\r\n	 eSpaceMD: eSpace Metadata Extension Schema\r\n		\r\n	============================================================-->\r\n	<xsd:element name=\"eSpaceMD\" type=\"eSpaceMDType\"/>\r\n	<xsd:element name=\"xdis_id\" />\r\n	<xsd:complexType name=\"eSpaceMDType\">\r\n		<xsd:sequence>\r\n			<xsd:element ref=\"xdis_id\" minOccurs=\"0\" maxOccurs=\"unbounded\"/>\r\n		</xsd:sequence>\r\n	</xsd:complexType>\r\n</xsd:schema>\r\n','eSpaceMD','','');
insert into `dev_espace`.`espace_xsd` values (29,'eSpaceACML','1.0','<?xml version=\"1.0\" encoding=\"UTF-8\"?>\r\n<xsd:schema xmlns:xsd=\"http://www.w3.org/2001/XMLSchema\">\r\n\r\n<!-- the root element for RELS-EXT-->\r\n<xsd:element name=\"eSpaceACML\" type=\"eSpaceACMLType\"/>\r\n\r\n<xsd:complexType name=\"eSpaceACMLType\">\r\n    <xsd:sequence>\r\n      <xsd:element name=\"rule\" type=\"ruleType\" />\r\n    </xsd:sequence>\r\n</xsd:complexType>\r\n\r\n<xsd:complexType name=\"ruleType\">\r\n    <xsd:sequence>\r\n      <xsd:element name=\"role\" type=\"roleType\" />\r\n    </xsd:sequence>\r\n</xsd:complexType>\r\n\r\n\r\n<xsd:complexType name=\"roleType\">\r\n  <xsd:sequence>\r\n        <xsd:attribute name=\"name\"/>\r\n        <xsd:element name=\"in_AD\"/>\r\n        <xsd:element name=\"AD_Group\"/>\r\n        <xsd:element name=\"AD_User\"/>        \r\n        <xsd:element name=\"eSpace_Group\"/>        \r\n        <xsd:element name=\"eSpace_User\"/>\r\n  </xsd:sequence>\r\n</xsd:complexType>\r\n\r\n\r\n</xsd:schema>\r\n','eSpaceACML','','');

/*Table structure for table `dev_espace`.`espace_xsd_display` */

CREATE TABLE `espace_xsd_display` (
  `xdis_id` int(11) unsigned NOT NULL auto_increment,
  `xdis_xsd_id` int(11) default NULL,
  `xdis_title` varchar(50) default NULL,
  `xdis_version` varchar(20) default NULL,
  PRIMARY KEY  (`xdis_id`)
) ENGINE=MyISAM DEFAULT CHARSET=latin1;

/*Data for the table `dev_espace`.`espace_xsd_display` */

insert into `dev_espace`.`espace_xsd_display` values (1,22,'Standard Audio Display','1.0');
insert into `dev_espace`.`espace_xsd_display` values (4,23,'Audio 2.0 Standard Display','1.0');
insert into `dev_espace`.`espace_xsd_display` values (3,21,'EAD Standard','1.0');
insert into `dev_espace`.`espace_xsd_display` values (5,24,'Fedora Standard Display','1.0');
insert into `dev_espace`.`espace_xsd_display` values (6,25,'Standard OAI DC Display','1.0');
insert into `dev_espace`.`espace_xsd_display` values (7,26,'DC Test display','1');
insert into `dev_espace`.`espace_xsd_display` values (9,24,'Fedora Collection Display','1.0');
insert into `dev_espace`.`espace_xsd_display` values (10,25,'Fedora OAI DC Collection Display','');
insert into `dev_espace`.`espace_xsd_display` values (11,24,'Fedora Community Display','1.0');
insert into `dev_espace`.`espace_xsd_display` values (12,25,'Fedora OAI DC Community Display','1.0');
insert into `dev_espace`.`espace_xsd_display` values (13,27,'Fedora Collection RELS-EXT Display','1.0');
insert into `dev_espace`.`espace_xsd_display` values (15,28,'eSpaceMD Display','1.0');
insert into `dev_espace`.`espace_xsd_display` values (16,27,'Fedora Record RELS-EXT Display','1.0');
insert into `dev_espace`.`espace_xsd_display` values (17,29,'eSpaceACML','1.0');

/*Table structure for table `dev_espace`.`espace_xsd_display_matchfields` */

CREATE TABLE `espace_xsd_display_matchfields` (
  `xsdmf_id` int(11) unsigned NOT NULL auto_increment,
  `xsdmf_xdis_id` int(11) default NULL,
  `xsdmf_xsdsel_id` int(11) default NULL,
  `xsdmf_element` varchar(255) default NULL,
  `xsdmf_title` varchar(255) default NULL,
  `xsdmf_description` varchar(255) default NULL,
  `xsdmf_html_input` varchar(20) default NULL,
  `xsdmf_multiple` tinyint(1) default NULL,
  `xsdmf_multiple_limit` int(4) default NULL,
  `xsdmf_valueintag` tinyint(1) default NULL,
  `xsdmf_enabled` tinyint(1) default NULL,
  `xsdmf_order` int(4) default NULL,
  `xsdmf_xml_order` int(4) default NULL,
  `xsdmf_validation_type` varchar(8) default NULL,
  `xsdmf_required` tinyint(1) default NULL,
  `xsdmf_static_text` text,
  `xsdmf_dynamic_text` text,
  `xsdmf_id_ref` int(11) default NULL,
  `xsdmf_is_key` tinyint(1) default NULL,
  `xsdmf_key_match` varchar(255) default NULL,
  `xsdmf_show_in_view` tinyint(1) default NULL,
  `xsdmf_smarty_variable` varchar(50) default NULL,
  `xsdmf_espace_variable` varchar(50) default NULL,
  `xsdmf_enforced_prefix` varchar(255) default NULL,
  `xsdmf_value_prefix` varchar(255) default NULL,
  `xsdmf_selected_option` varchar(255) default NULL,
  `xsdmf_dynamic_selected_option` varchar(255) default NULL,
  `xsdmf_image_location` varchar(255) default NULL,
  `xsdmf_parent_key_match` varchar(255) default NULL,
  PRIMARY KEY  (`xsdmf_id`)
) ENGINE=MyISAM DEFAULT CHARSET=latin1;

/*Data for the table `dev_espace`.`espace_xsd_display_matchfields` */

insert into `dev_espace`.`espace_xsd_display_matchfields` values (10,6,(null),'!dc:title','Title','','text',0,(null),1,1,1,1,'none',0,'','',36,0,'',1,'','','','','','','','');
insert into `dev_espace`.`espace_xsd_display_matchfields` values (11,6,(null),'!dc:creator','Author(s)','','text',1,30,1,1,2,2,'none',0,'','',36,0,'',1,'','','','','','','','');
insert into `dev_espace`.`espace_xsd_display_matchfields` values (12,6,(null),'!dc:subject','Subject(s)','','multiple',0,(null),1,1,3,3,'none',0,'','',36,0,'',1,'','','','','','','','');
insert into `dev_espace`.`espace_xsd_display_matchfields` values (13,6,(null),'!dc:description','Description','','text',0,(null),1,1,4,4,'none',0,'','',36,0,'',1,'','','','','','','','');
insert into `dev_espace`.`espace_xsd_display_matchfields` values (14,6,(null),'!dc:publisher','Publisher','','text',0,(null),1,1,5,5,'none',0,'','',36,0,'',1,'','','','','','','','');
insert into `dev_espace`.`espace_xsd_display_matchfields` values (15,6,(null),'!dc:contributor','Contributor','','text',1,30,1,1,6,6,'none',0,'','',36,0,'',1,'','','','','','','','');
insert into `dev_espace`.`espace_xsd_display_matchfields` values (16,6,(null),'!dc:date','Date','','text',0,(null),1,1,7,7,'date',0,'','',36,0,'',1,'','','','','','','','');
insert into `dev_espace`.`espace_xsd_display_matchfields` values (17,6,(null),'!dc:type','Type','','combo',0,(null),1,1,8,8,'none',0,'','',36,0,'',1,'','','','','','','','');
insert into `dev_espace`.`espace_xsd_display_matchfields` values (18,6,(null),'!dc:identifier','Identifier','','text',1,10,1,1,10,10,'none',0,'','',36,0,'',1,'','','','','','','','');
insert into `dev_espace`.`espace_xsd_display_matchfields` values (19,6,(null),'!dc:source','Source','','text',0,(null),1,1,11,11,'none',0,'','',36,0,'',1,'','','','','','','','');
insert into `dev_espace`.`espace_xsd_display_matchfields` values (20,6,(null),'!dc:language','Language','','multiple',0,(null),1,1,12,12,'none',0,'','',36,0,'',1,'','','','','','','','');
insert into `dev_espace`.`espace_xsd_display_matchfields` values (21,6,(null),'!dc:relation','Relation','','text',0,(null),1,1,13,13,'none',0,'','',36,0,'',1,'','','','','','','','');
insert into `dev_espace`.`espace_xsd_display_matchfields` values (22,6,(null),'!dc:coverage','Coverage','','text',0,(null),1,1,14,14,'none',0,'','',36,0,'',1,'','','','','','','','');
insert into `dev_espace`.`espace_xsd_display_matchfields` values (23,6,(null),'!dc:rights','Rights','','combo',0,(null),1,1,15,15,'none',0,'','',36,0,'',1,'','','','','','','','');
insert into `dev_espace`.`espace_xsd_display_matchfields` values (30,5,(null),'!datastream','datastream','','xsd_loop_subelement',1,(null),1,0,0,0,'none',0,'','',(null),(null),'',0,'','','','','','','','');
insert into `dev_espace`.`espace_xsd_display_matchfields` values (31,5,1,'!datastream!datastreamVersion','datastreamVersion','','static',0,(null),1,0,0,0,'none',0,'','',(null),(null),'',0,'','','','','','','','');
insert into `dev_espace`.`espace_xsd_display_matchfields` values (32,5,1,'!datastream!datastreamVersion!xmlContent','xmlcontent','test','xsd_ref',0,(null),1,1,0,0,'none',0,'','',(null),(null),'',(null),'','','','','','','','');
insert into `dev_espace`.`espace_xsd_display_matchfields` values (33,5,1,'!datastream!ID','Datastream ID','','static',0,(null),1,1,0,0,'none',0,'DC','',(null),(null),'',0,'','','','','','','','');
insert into `dev_espace`.`espace_xsd_display_matchfields` values (34,5,1,'!datastream!datastreamVersion!ID','Datastream Version ID','','static',0,(null),1,1,0,0,'none',0,'DC1.0','',(null),(null),'',0,'','','','','','','','');
insert into `dev_espace`.`espace_xsd_display_matchfields` values (35,5,1,'!datastream!datastreamVersion!MIMETYPE','Mime Type','','static',0,(null),1,1,0,0,'none',0,'text/xml','',(null),(null),'',0,'','','','','','','','');
insert into `dev_espace`.`espace_xsd_display_matchfields` values (36,1,3,'!AudioMDType!bits_per_sample','Bits Per Sample','','text',0,(null),1,1,1,1,'none',0,'','',(null),(null),'',(null),'','','','','','','','');
insert into `dev_espace`.`espace_xsd_display_matchfields` values (38,5,(null),'!objectProperties','object properties','','static',0,(null),1,0,0,0,'none',0,'','',(null),(null),'',0,'','','','','','','','');
insert into `dev_espace`.`espace_xsd_display_matchfields` values (39,5,1,'!datastream!CONTROL_GROUP','Control Group','','static',0,(null),1,0,0,0,'none',0,'X','',(null),(null),'',0,'','','','','','','','');
insert into `dev_espace`.`espace_xsd_display_matchfields` values (40,5,1,'!datastream!STATE','state','','static',0,(null),1,0,0,0,'none',0,'A','',(null),(null),'',0,'','','','','','','','');
insert into `dev_espace`.`espace_xsd_display_matchfields` values (41,5,1,'!datastream!datastreamVersion!LABEL','Dublin Core Record','','static',0,(null),1,0,0,0,'none',0,'Dublin Core Record','',(null),(null),'',0,'','','','','','','','');
insert into `dev_espace`.`espace_xsd_display_matchfields` values (42,5,(null),'!objectProperties!property','property loop','','xsd_loop_subelement',0,(null),0,0,0,0,'none',0,'','',(null),(null),'',0,'','','','','','','','');
insert into `dev_espace`.`espace_xsd_display_matchfields` values (43,5,4,'!objectProperties!property!NAME','Fedora Object','','static',0,(null),1,0,0,0,'none',0,'http://www.w3.org/1999/02/22-rdf-syntax-ns#type','',(null),(null),'',0,'','','','','','','','');
insert into `dev_espace`.`espace_xsd_display_matchfields` values (44,5,4,'!objectProperties!property!VALUE','FedoraObject','','static',0,(null),1,0,0,0,'none',0,'FedoraObject','',(null),(null),'',0,'','','','','','','','');
insert into `dev_espace`.`espace_xsd_display_matchfields` values (45,5,5,'!objectProperties!property!NAME','State','','static',0,(null),1,0,0,0,'none',0,'info:fedora/fedora-system:def/model#state','',(null),(null),'',0,'','','','','','','','');
insert into `dev_espace`.`espace_xsd_display_matchfields` values (46,5,5,'!objectProperties!property!VALUE','state','','static',0,(null),1,1,0,0,'none',0,'A','',36,0,'',0,'','','','','','','','');
insert into `dev_espace`.`espace_xsd_display_matchfields` values (47,5,6,'!objectProperties!property!NAME','Label','','static',0,(null),1,0,0,0,'none',0,'info:fedora/fedora-system:def/model#label','',36,1,'label',0,'','','','','','','','');
insert into `dev_espace`.`espace_xsd_display_matchfields` values (48,5,6,'!objectProperties!property!VALUE','label','','xsdmf_id_ref',0,(null),1,1,0,0,'none',0,'Christiaan Test Ingest From eSpace','',10,0,'',1,'','','','','','','','');
insert into `dev_espace`.`espace_xsd_display_matchfields` values (49,9,(null),'!objectProperties','object properties','','static',0,(null),1,0,0,0,'none',0,'','',(null),0,'',0,'','','','','','','','');
insert into `dev_espace`.`espace_xsd_display_matchfields` values (50,9,(null),'!objectProperties!property','property loop','','xsd_loop_subelement',0,(null),1,0,0,0,'none',0,'','',36,0,'',0,'','','','','','','','');
insert into `dev_espace`.`espace_xsd_display_matchfields` values (51,9,7,'!objectProperties!property!NAME','fedora object','','static',0,(null),1,0,0,0,'none',0,'http://www.w3.org/1999/02/22-rdf-syntax-ns#type','',36,0,'',0,'','','','','','','','');
insert into `dev_espace`.`espace_xsd_display_matchfields` values (52,9,8,'!objectProperties!property!NAME','State','','static',0,(null),1,0,0,0,'none',0,'info:fedora/fedora-system:def/model#state','',(null),0,'',0,'','','','','','','','');
insert into `dev_espace`.`espace_xsd_display_matchfields` values (53,9,9,'!objectProperties!property!NAME','Label','','static',0,(null),1,0,0,0,'none',0,'info:fedora/fedora-system:def/model#label','',(null),0,'',0,'','','','','','','','');
insert into `dev_espace`.`espace_xsd_display_matchfields` values (54,9,7,'!objectProperties!property!VALUE','FedoraObject','','static',0,(null),1,0,0,0,'none',0,'FedoraObject','',(null),0,'',0,'','','','','','','','');
insert into `dev_espace`.`espace_xsd_display_matchfields` values (55,9,8,'!objectProperties!property!VALUE','state','','static',0,(null),1,0,0,0,'none',0,'A','',(null),0,'',0,'','','','','','','','');
insert into `dev_espace`.`espace_xsd_display_matchfields` values (56,9,(null),'!datastream','datastream','','xsd_loop_subelement',0,(null),1,1,0,0,'none',0,'','',36,0,'',0,'','','','','','','','');
insert into `dev_espace`.`espace_xsd_display_matchfields` values (57,9,10,'!datastream!datastreamVersion','datastreamversion','','static',0,(null),1,1,0,0,'none',0,'','',36,0,'',0,'','','','','','','','');
insert into `dev_espace`.`espace_xsd_display_matchfields` values (58,10,(null),'!dc:title','Title','','text',0,(null),1,1,0,0,'none',1,'','',(null),0,'',1,'','','','','','','','');
insert into `dev_espace`.`espace_xsd_display_matchfields` values (59,10,(null),'!dc:description','Description','','text',0,(null),1,1,1,1,'none',0,'','',(null),0,'',1,'','','','','','','','');
insert into `dev_espace`.`espace_xsd_display_matchfields` values (60,10,(null),'!dc:type','Type','','static',0,(null),1,1,0,0,'none',0,'eSpace_Collection','',36,0,'',0,'','none','','','','','','');
insert into `dev_espace`.`espace_xsd_display_matchfields` values (61,9,10,'!datastream!datastreamVersion!xmlContent','DC','','xsd_ref',0,(null),1,1,0,0,'none',0,'','',36,0,'',1,'','','','','','','','');
insert into `dev_espace`.`espace_xsd_display_matchfields` values (62,9,10,'!datastream!ID','DS ID','','static',0,(null),1,0,0,0,'none',0,'DC','',(null),0,'',0,'','','','','','','','');
insert into `dev_espace`.`espace_xsd_display_matchfields` values (63,9,10,'!datastream!CONTROL_GROUP','Control Group','','static',0,(null),1,0,0,0,'none',0,'X','',(null),0,'',0,'','','','','','','','');
insert into `dev_espace`.`espace_xsd_display_matchfields` values (64,9,10,'!datastream!STATE','state','','static',0,(null),1,0,0,0,'none',0,'A','',(null),0,'',0,'','','','','','','','');
insert into `dev_espace`.`espace_xsd_display_matchfields` values (65,9,9,'!objectProperties!property!VALUE','Label','','xsdmf_id_ref',0,(null),1,0,0,0,'none',0,'','',58,0,'',0,'','','','','','','','');
insert into `dev_espace`.`espace_xsd_display_matchfields` values (66,9,10,'!datastream!datastreamVersion!ID','DS ID','','static',0,(null),1,0,0,0,'none',0,'DC1.0','',(null),0,'',0,'','','','','','','','');
insert into `dev_espace`.`espace_xsd_display_matchfields` values (67,9,10,'!datastream!datastreamVersion!LABEL','Dublin Core Record','','static',0,(null),1,0,0,0,'none',0,'Dublin Core Record','',(null),0,'',0,'','','','','','','','');
insert into `dev_espace`.`espace_xsd_display_matchfields` values (68,9,10,'!datastream!datastreamVersion!MIMETYPE','Mime Type','','static',0,(null),1,0,0,0,'none',0,'text/xml','',(null),0,'',0,'','','','','','','','');
insert into `dev_espace`.`espace_xsd_display_matchfields` values (69,11,(null),'!objectProperties!property!NAME','object properties','','static',0,(null),1,0,0,0,'none',0,'','',(null),0,'',0,'','','','','','','','');
insert into `dev_espace`.`espace_xsd_display_matchfields` values (70,11,(null),'!objectProperties','object properties','','static',0,(null),1,0,0,0,'none',0,'','',(null),0,'',0,'','','','','','','','');
insert into `dev_espace`.`espace_xsd_display_matchfields` values (71,11,(null),'!objectProperties!property','property loop','','xsd_loop_subelement',0,(null),0,0,0,0,'none',0,'','',36,0,'',0,'','none','','','','','','');
insert into `dev_espace`.`espace_xsd_display_matchfields` values (72,11,11,'!objectProperties!property!NAME','fedora object','','static',0,(null),1,0,0,0,'none',0,'http://www.w3.org/1999/02/22-rdf-syntax-ns#type','',(null),0,'',0,'','','','','','','','');
insert into `dev_espace`.`espace_xsd_display_matchfields` values (73,11,12,'!objectProperties!property!NAME','state','','static',0,(null),1,0,0,0,'none',0,'info:fedora/fedora-system:def/model#state','',(null),0,'',0,'','','','','','','','');
insert into `dev_espace`.`espace_xsd_display_matchfields` values (74,11,13,'!objectProperties!property!VALUE','label','','static',0,(null),1,0,0,0,'none',0,'info:fedora/fedora-system:def/model#label','',(null),0,'',0,'','','','','','','','');
insert into `dev_espace`.`espace_xsd_display_matchfields` values (75,11,11,'!objectProperties!property!VALUE','FedoraObject','','static',0,(null),1,0,0,0,'none',0,'FedoraObject','',(null),0,'',0,'','','','','','','','');
insert into `dev_espace`.`espace_xsd_display_matchfields` values (76,11,12,'!objectProperties!property!VALUE','state','','static',0,(null),1,0,0,0,'none',0,'A','',(null),0,'',0,'','','','','','','','');
insert into `dev_espace`.`espace_xsd_display_matchfields` values (77,11,(null),'!datastream','datastream','','xsd_loop_subelement',0,(null),1,1,0,0,'none',0,'','',36,0,'',0,'','','','','','','','');
insert into `dev_espace`.`espace_xsd_display_matchfields` values (78,11,14,'!datastream!datastreamVersion','datastreamversion','','static',0,(null),1,1,0,0,'none',0,'','',36,0,'',0,'','','','','','','','');
insert into `dev_espace`.`espace_xsd_display_matchfields` values (79,11,14,'!datastream!datastreamVersion!ID','DSID','','static',0,(null),1,0,0,0,'none',0,'DC1.0','',(null),0,'',0,'','','','','','','','');
insert into `dev_espace`.`espace_xsd_display_matchfields` values (80,11,14,'!datastream!datastreamVersion!LABEL','dsv label','','static',0,(null),1,0,0,0,'none',0,'Dublin Core Record','',(null),0,'',0,'','','','','','','','');
insert into `dev_espace`.`espace_xsd_display_matchfields` values (81,11,14,'!datastream!datastreamVersion!MIMETYPE','Mime Type','','static',0,(null),1,0,0,0,'none',0,'text/xml','',(null),0,'',0,'','','','','','','','');
insert into `dev_espace`.`espace_xsd_display_matchfields` values (82,11,14,'!datastream!ID','dsid','','static',0,(null),1,0,0,0,'none',0,'DC','',(null),0,'',0,'','','','','','','','');
insert into `dev_espace`.`espace_xsd_display_matchfields` values (83,11,14,'!datastream!CONTROL_GROUP','ds dc control group','','static',0,(null),1,0,0,0,'none',0,'X','',(null),0,'',0,'','','','','','','','');
insert into `dev_espace`.`espace_xsd_display_matchfields` values (84,11,14,'!datastream!STATE','ds sc state','','static',0,(null),1,0,0,0,'none',0,'A','',(null),0,'',0,'','','','','','','','');
insert into `dev_espace`.`espace_xsd_display_matchfields` values (85,12,(null),'!dc:title','Name','','text',0,(null),1,1,0,0,'none',1,'','',(null),0,'',1,'','','','','','','','');
insert into `dev_espace`.`espace_xsd_display_matchfields` values (86,12,(null),'!dc:description','Description','','text',0,(null),1,1,1,1,'none',0,'','',36,0,'',1,'','','','','','','','');
insert into `dev_espace`.`espace_xsd_display_matchfields` values (87,12,(null),'!dc:type','Type','','static',0,(null),1,1,0,0,'none',0,'eSpace_Community','',(null),0,'',0,'','','','','','','','');
insert into `dev_espace`.`espace_xsd_display_matchfields` values (88,11,14,'!datastream!datastreamVersion!xmlContent','Community DC','','xsd_ref',0,(null),1,1,0,0,'none',0,'','',36,0,'',1,'','','','','','','','');
insert into `dev_espace`.`espace_xsd_display_matchfields` values (89,13,(null),'!description','rdf description','','static',0,(null),1,1,0,0,'none',0,'','',36,0,'',0,'','none','','','','','','');
insert into `dev_espace`.`espace_xsd_display_matchfields` values (90,13,(null),'!description!isMemberOf','isMemberOf','','xsd_loop_subelement',0,(null),0,0,0,0,'none',0,'','',36,0,'',0,'','none','rel:','','','','','');
insert into `dev_espace`.`espace_xsd_display_matchfields` values (91,13,17,'!description!isMemberOf!resource','Member of Communities','','multiple',0,(null),1,1,0,0,'none',1,'','',36,0,'',0,'$community_list','none','rdf:','info:fedora/','','$community_pid','','');
insert into `dev_espace`.`espace_xsd_display_matchfields` values (92,13,(null),'!description!about','about - pid','','static',0,(null),1,0,0,0,'none',0,'','',36,0,'',0,'','pid','rdf:','info:fedora/','','','','');
insert into `dev_espace`.`espace_xsd_display_matchfields` values (93,9,16,'!datastream!datastreamVersion','rels ds','','static',0,(null),1,1,0,0,'none',0,'','',36,0,'',0,'','none','','','','','','');
insert into `dev_espace`.`espace_xsd_display_matchfields` values (94,9,16,'!datastream!datastreamVersion!xmlContent','RELS xmlContent','','xsd_ref',0,(null),1,1,0,0,'none',0,'','',36,0,'',1,'','none','','','','','','');
insert into `dev_espace`.`espace_xsd_display_matchfields` values (95,9,16,'!datastream!datastreamVersion!ID','rels id','','static',0,(null),1,0,0,0,'none',0,'RELS-EXT.0','',36,0,'',0,'','none','','','','','','');
insert into `dev_espace`.`espace_xsd_display_matchfields` values (96,9,16,'!datastream!datastreamVersion!LABEL','rels ds label','','static',0,(null),1,0,0,0,'none',0,'Relationships to other objects','',(null),0,'',0,'','none','','','','','','');
insert into `dev_espace`.`espace_xsd_display_matchfields` values (97,9,16,'!datastream!datastreamVersion!MIMETYPE','rels-ext mimetype','','static',0,(null),1,0,0,0,'none',0,'text/xml','',(null),0,'',0,'','none','','','','','','');
insert into `dev_espace`.`espace_xsd_display_matchfields` values (98,9,16,'!datastream!ID','ds id','','static',0,(null),1,0,0,0,'none',0,'RELS-EXT','',(null),0,'',0,'','none','','','','','','');
insert into `dev_espace`.`espace_xsd_display_matchfields` values (99,9,16,'!datastream!CONTROL_GROUP','rels control group','','static',0,(null),1,0,0,0,'none',0,'X','',(null),0,'',0,'','none','','','','','','');
insert into `dev_espace`.`espace_xsd_display_matchfields` values (100,9,16,'!datastream!STATE','rels state','','static',0,(null),1,0,0,0,'none',0,'A','',(null),0,'',0,'','none','','','','','','');
insert into `dev_espace`.`espace_xsd_display_matchfields` values (101,9,16,'!datastream!VERSIONABLE','rels versionable','','static',0,(null),1,0,0,0,'none',0,'true','',(null),0,'',0,'','none','','','','','','');
insert into `dev_espace`.`espace_xsd_display_matchfields` values (102,9,(null),'!PID','pid','','static',0,(null),1,1,0,0,'none',0,'','',(null),0,'',0,'','pid','','','','','','');
insert into `dev_espace`.`espace_xsd_display_matchfields` values (103,5,(null),'!PID','standard pid','','static',0,(null),1,0,0,0,'none',0,'','',(null),0,'',0,'','pid','','','','','','');
insert into `dev_espace`.`espace_xsd_display_matchfields` values (104,11,(null),'!PID','community pid','','static',0,(null),1,0,0,0,'none',0,'','',(null),0,'',0,'','pid','','','','','','');
insert into `dev_espace`.`espace_xsd_display_matchfields` values (105,11,13,'!objectProperties!property!NAME','community label name','','static',0,(null),1,0,0,0,'none',0,'info:fedora/fedora-system:def/model#label','',(null),0,'',0,'','none','','','','','','');
insert into `dev_espace`.`espace_xsd_display_matchfields` values (106,15,(null),'!xdis_id','eSpace xdis_id','','static',0,(null),1,0,0,0,'none',0,'','',(null),0,'',0,'','xdis_id','','','','','','');
insert into `dev_espace`.`espace_xsd_display_matchfields` values (107,5,18,'!datastream!datastreamVersion','eSpaceMD - datastream -> datastreamVersion','','static',0,(null),1,0,0,0,'none',0,'','',(null),0,'',0,'','none','','','','','','');
insert into `dev_espace`.`espace_xsd_display_matchfields` values (108,5,18,'!datastream!datastreamVersion!ID','eSpaceMD - datastream -> datastreamVersion -> ID','','static',0,(null),1,0,0,0,'none',0,'eSpace1.0','',(null),0,'',0,'','none','','','','','','');
insert into `dev_espace`.`espace_xsd_display_matchfields` values (109,5,18,'!datastream!datastreamVersion!LABEL','eSpaceMD - datastream -> datastreamVersion -> LABE','','static',0,(null),1,0,0,0,'none',0,'eSpace extension metadata','',(null),0,'',0,'','none','','','','','','');
insert into `dev_espace`.`espace_xsd_display_matchfields` values (110,5,18,'!datastream!ID','eSpaceMD - datastream -> ID','','static',0,(null),1,0,0,0,'none',0,'eSpaceMD','',36,0,'',0,'','none','','','','','','');
insert into `dev_espace`.`espace_xsd_display_matchfields` values (114,5,18,'!datastream!STATE','eSpaceMD - datastream -> STATE','','static',0,(null),1,0,0,0,'none',0,'A','',(null),0,'',0,'','none','','','','','','');
insert into `dev_espace`.`espace_xsd_display_matchfields` values (113,5,18,'!datastream!VERSIONABLE','eSpaceMD - datastream -> VERSIONABLE','','static',0,(null),1,0,0,0,'none',0,'true','',(null),0,'',0,'','none','','','','','','');
insert into `dev_espace`.`espace_xsd_display_matchfields` values (115,5,18,'!datastream!CONTROL_GROUP','eSpaceMD - datastream -> CONTROL_GROUP','','static',0,(null),1,0,0,0,'none',0,'X','',(null),0,'',0,'','none','','','','','','');
insert into `dev_espace`.`espace_xsd_display_matchfields` values (116,5,18,'!datastream!datastreamVersion!xmlContent','eSpaceMD - datastream -> datastreamVersion -> xmlContent','','xsd_ref',0,(null),1,0,0,0,'none',0,'','',36,0,'',1,'','none','','','','','','');
insert into `dev_espace`.`espace_xsd_display_matchfields` values (117,5,18,'!datastream!datastreamVersion!MIMETYPE','eSpaceMD - datastream -> datastreamVersion -> MIMETYPE','','static',0,(null),1,0,0,0,'none',0,'text/xml','',(null),0,'',0,'','none','','','','','','');
insert into `dev_espace`.`espace_xsd_display_matchfields` values (118,5,19,'!datastream!datastreamVersion','MSWordDoc - datastream -> datastreamVersion','','static',0,(null),1,0,0,0,'none',0,'','',36,0,'',0,'','none','','','','','','');
insert into `dev_espace`.`espace_xsd_display_matchfields` values (119,5,19,'!datastream!datastreamVersion!ID','MSWordDoc - datastream -> datastreamVersion -> ID','','static',0,(null),1,0,0,0,'none',0,'MSWord1.0','',(null),0,'',0,'','none','','','','','','');
insert into `dev_espace`.`espace_xsd_display_matchfields` values (120,5,19,'!datastream!datastreamVersion!LABEL','MSWordDoc - datastream -> datastreamVersion -> LABEL','','static',0,(null),1,0,0,0,'none',0,'A Word Document Datastream','',(null),0,'',0,'','none','','','','','','');
insert into `dev_espace`.`espace_xsd_display_matchfields` values (121,5,19,'!datastream!datastreamVersion!MIMETYPE','MSWordDoc - datastream -> datastreamVersion -> MIMETYPE','','static',0,(null),1,1,0,0,'none',0,'application/ms-word','',36,0,'',0,'','none','','','','','','');
insert into `dev_espace`.`espace_xsd_display_matchfields` values (122,5,19,'!datastream!ID','MSWordDoc - datastream -> ID','','static',0,(null),1,0,0,0,'none',0,'MSWordDoc.doc','',36,0,'',0,'','none','','','','','','');
insert into `dev_espace`.`espace_xsd_display_matchfields` values (123,5,19,'!datastream!CONTROL_GROUP','MSWordDoc - datastream -> CONTROL_GROUP','','static',0,(null),1,0,0,0,'none',0,'M','',(null),0,'',0,'','none','','','','','','');
insert into `dev_espace`.`espace_xsd_display_matchfields` values (124,5,19,'!datastream!STATE','MSWordDoc - datastream -> STATE','','static',0,(null),1,0,0,0,'none',0,'A','',(null),0,'',0,'','none','','','','','','');
insert into `dev_espace`.`espace_xsd_display_matchfields` values (125,5,19,'!datastream!VERSIONABLE','MSWordDoc - datastream -> VERSIONABLE','','static',0,(null),1,0,0,0,'none',0,'true','',(null),0,'',0,'','none','','','','','','');
insert into `dev_espace`.`espace_xsd_display_matchfields` values (127,5,19,'!datastream!datastreamVersion!binaryContent','File Upload','','file_input',0,(null),1,1,10000,0,'none',0,'','',36,0,'',0,'','none','','','','','','');
insert into `dev_espace`.`espace_xsd_display_matchfields` values (128,11,20,'!datastream!datastreamVersion','eSpaceMD - datastream -> datastreamVersion','','static',0,(null),1,0,0,0,'none',0,'','',(null),0,'',0,'','none','','','','','','');
insert into `dev_espace`.`espace_xsd_display_matchfields` values (129,11,20,'!datastream!datastreamVersion!ID','eSpaceMD - datastream -> datastreamVersion -> ID','','static',0,(null),1,0,0,0,'none',0,'eSpace1.0','',(null),0,'',0,'','none','','','','','','');
insert into `dev_espace`.`espace_xsd_display_matchfields` values (130,11,20,'!datastream!datastreamVersion!LABEL','eSpaceMD - datastream -> datastreamVersion -> LABEL','','static',0,(null),1,0,0,0,'none',0,'eSpace extension metadata','',(null),0,'',0,'','none','','','','','','');
insert into `dev_espace`.`espace_xsd_display_matchfields` values (131,11,20,'!datastream!datastreamVersion!MIMETYPE','eSpaceMD - datastream -> datastreamVersion -> MIMETYPE','','static',0,(null),1,0,0,0,'none',0,'text/xml','',(null),0,'',0,'','none','','','','','','');
insert into `dev_espace`.`espace_xsd_display_matchfields` values (132,11,20,'!datastream!ID','eSpaceMD - datastream -> ID','','static',0,(null),1,0,0,0,'none',0,'eSpaceMD','',(null),0,'',0,'','none','','','','','','');
insert into `dev_espace`.`espace_xsd_display_matchfields` values (133,11,20,'!datastream!CONTROL_GROUP','eSpaceMD - datastream -> CONTROL_GROUP','','static',0,(null),1,0,0,0,'none',0,'X','',(null),0,'',0,'','none','','','','','','');
insert into `dev_espace`.`espace_xsd_display_matchfields` values (134,11,20,'!datastream!STATE','eSpaceMD - datastream -> STATE','','static',0,(null),1,0,0,0,'none',0,'A','',(null),0,'',0,'','none','','','','','','');
insert into `dev_espace`.`espace_xsd_display_matchfields` values (135,11,20,'!datastream!VERSIONABLE','eSpaceMD - datastream -> VERSIONABLE','','static',0,(null),1,0,0,0,'none',0,'true','',(null),0,'',0,'','none','','','','','','');
insert into `dev_espace`.`espace_xsd_display_matchfields` values (136,9,21,'!datastream!datastreamVersion','eSpaceMD - datastream -> datastreamVersion','','static',0,(null),1,0,0,0,'none',0,'','',(null),0,'',0,'','none','','','','','','');
insert into `dev_espace`.`espace_xsd_display_matchfields` values (137,9,21,'!datastream!datastreamVersion!ID','eSpaceMD - datastream -> datastreamVersion -> ID','','static',0,(null),1,0,0,0,'none',0,'eSpace1.0','',(null),0,'',0,'','none','','','','','','');
insert into `dev_espace`.`espace_xsd_display_matchfields` values (138,9,21,'!datastream!datastreamVersion!LABEL','eSpaceMD - datastream -> datastreamVersion -> LABEL','','static',0,(null),1,0,0,0,'none',0,'eSpace extension metadata','',(null),0,'',0,'','none','','','','','','');
insert into `dev_espace`.`espace_xsd_display_matchfields` values (139,9,21,'!datastream!datastreamVersion!MIMETYPE','eSpaceMD - datastream -> datastreamVersion -> MIMETYPE','','static',0,(null),1,0,0,0,'none',0,'text/xml','',(null),0,'',0,'','none','','','','','','');
insert into `dev_espace`.`espace_xsd_display_matchfields` values (140,9,21,'!datastream!ID','eSpaceMD - datastream -> ID','','static',0,(null),1,0,0,0,'none',0,'eSpaceMD','',(null),0,'',0,'','none','','','','','','');
insert into `dev_espace`.`espace_xsd_display_matchfields` values (141,9,21,'!datastream!CONTROL_GROUP','eSpaceMD - datastream -> CONTROL_GROUP','','static',0,(null),1,0,0,0,'none',0,'X','',(null),0,'',0,'','none','','','','','','');
insert into `dev_espace`.`espace_xsd_display_matchfields` values (142,9,21,'!datastream!STATE','eSpaceMD - datastream -> STATE','','static',0,(null),1,0,0,0,'none',0,'A','',(null),0,'',0,'','none','','','','','','');
insert into `dev_espace`.`espace_xsd_display_matchfields` values (143,9,21,'!datastream!VERSIONABLE','eSpaceMD - datastream -> VERSIONABLE','','static',0,(null),1,0,0,0,'none',0,'true','',(null),0,'',0,'','none','','','','','','');
insert into `dev_espace`.`espace_xsd_display_matchfields` values (144,9,21,'!datastream!datastreamVersion!xmlContent','eSpaceMD - datastream -> datastreamVersion -> xmlContent','','xsd_ref',0,(null),1,0,0,0,'none',0,'','',(null),0,'',1,'','none','','','','','','');
insert into `dev_espace`.`espace_xsd_display_matchfields` values (145,11,20,'!datastream!datastreamVersion!xmlContent','eSpaceMD - datastream -> datastreamVersion -> xmlContent','','xsd_ref',0,(null),1,0,0,0,'none',0,'','',(null),0,'',1,'','none','','','','','','');
insert into `dev_espace`.`espace_xsd_display_matchfields` values (146,16,(null),'!description','description','','static',0,(null),1,1,0,0,'none',0,'','',36,0,'',0,'','none','','','','','','');
insert into `dev_espace`.`espace_xsd_display_matchfields` values (147,16,(null),'!description!about','description -> about','','static',0,(null),1,1,0,0,'none',0,'','',36,0,'',0,'','pid','rdf:','info:fedora/','','','','');
insert into `dev_espace`.`espace_xsd_display_matchfields` values (148,16,(null),'!description!isMemberOf','description -> isMemberOf','','xsd_loop_subelement',0,(null),0,1,0,0,'none',0,'','',36,0,'',0,'','none','rel:','','','','','');
insert into `dev_espace`.`espace_xsd_display_matchfields` values (149,16,22,'!description!isMemberOf!resource','Member of Collections:','','multiple',0,(null),1,1,0,0,'none',0,'','',36,0,'',0,'$collection_list','none','rdf:','info:fedora/','','$collection_pid','','');
insert into `dev_espace`.`espace_xsd_display_matchfields` values (150,5,23,'!datastream!datastreamVersion','RELS-EXT - datastream -> datastreamVersion','','static',0,(null),1,1,0,0,'none',0,'','',36,0,'',0,'','none','','','','','','');
insert into `dev_espace`.`espace_xsd_display_matchfields` values (151,5,23,'!datastream!datastreamVersion!ID','RELS-EXT - datastream -> datastreamVersion -> ID','','static',0,(null),1,0,0,0,'none',0,'RELS-EXT.0','',(null),0,'',0,'','none','','','','','','');
insert into `dev_espace`.`espace_xsd_display_matchfields` values (152,5,23,'!datastream!datastreamVersion!LABEL','RELS-EXT - datastream -> datastreamVersion -> LABEL','','static',0,(null),1,0,0,0,'none',0,'Relationships to other objects','',(null),0,'',0,'','none','','','','','','');
insert into `dev_espace`.`espace_xsd_display_matchfields` values (153,5,23,'!datastream!datastreamVersion!MIMETYPE','RELS-EXT - datastream -> datastreamVersion -> MIMETYPE','','static',0,(null),1,0,0,0,'none',0,'text/xml','',(null),0,'',0,'','none','','','','','','');
insert into `dev_espace`.`espace_xsd_display_matchfields` values (154,5,23,'!datastream!ID','RELS-EXT - datastream -> ID','','static',0,(null),1,0,0,0,'none',0,'RELS-EXT','',(null),0,'',0,'','none','','','','','','');
insert into `dev_espace`.`espace_xsd_display_matchfields` values (155,5,23,'!datastream!CONTROL_GROUP','RELS-EXT - datastream -> CONTROL_GROUP','','static',0,(null),1,0,0,0,'none',0,'X','',(null),0,'',0,'','none','','','','','','');
insert into `dev_espace`.`espace_xsd_display_matchfields` values (156,5,23,'!datastream!STATE','RELS-EXT - datastream -> STATE','','static',0,(null),1,0,0,0,'none',0,'A','',(null),0,'',0,'','none','','','','','','');
insert into `dev_espace`.`espace_xsd_display_matchfields` values (157,5,23,'!datastream!VERSIONABLE','RELS-EXT - datastream -> VERSIONABLE','','static',0,(null),1,0,0,0,'none',0,'true','',(null),0,'',0,'','none','','','','','','');
insert into `dev_espace`.`espace_xsd_display_matchfields` values (158,5,23,'!datastream!datastreamVersion!xmlContent','RELS-EXT - datastream -> datastreamVersion -> xmlContent','','xsd_ref',0,(null),1,1,0,0,'none',0,'','',36,0,'',1,'','none','','','','','','');
insert into `dev_espace`.`espace_xsd_display_matchfields` values (184,17,26,'!rule!role!eSpace_User','eSpace User:','','text',1,10,1,1,640,0,'none',0,'','',36,0,'',0,'','none','','','','','','Creator');
insert into `dev_espace`.`espace_xsd_display_matchfields` values (182,17,26,'!rule!role!AD_User','AD User:','','text',1,10,1,1,620,0,'none',0,'','',36,0,'',0,'','none','','','','','','Creator');
insert into `dev_espace`.`espace_xsd_display_matchfields` values (181,17,26,'!rule!role!AD_Group','AD Group:','','text',1,10,1,1,610,0,'none',0,'','',36,0,'',0,'','none','','','','','','Creator');
insert into `dev_espace`.`espace_xsd_display_matchfields` values (164,17,(null),'!rule','rule','','static',0,(null),1,1,0,0,'none',0,'','',36,0,'',0,'','none','','','','','','');
insert into `dev_espace`.`espace_xsd_display_matchfields` values (183,17,26,'!rule!role!eSpace_Group','eSpace Group:','','text',1,10,1,1,630,0,'none',0,'','',36,0,'',0,'','none','','','','','','Creator');
insert into `dev_espace`.`espace_xsd_display_matchfields` values (180,17,26,'!rule!role!name','Creator','','static',1,10,1,1,600,0,'none',0,'Creator','',36,1,'Creator',1,'','none','','','','','creator.png','');
insert into `dev_espace`.`espace_xsd_display_matchfields` values (179,17,(null),'!rule!role','Object Security Rights','','xsd_loop_subelement',0,(null),1,1,400,0,'none',0,'','',36,0,'',1,'','none','','','','','security.png','');
insert into `dev_espace`.`espace_xsd_display_matchfields` values (171,11,25,'!datastream!datastreamVersion','eSpaceACML - datastream -> datastreamVersion','','static',0,(null),1,1,0,0,'none',0,'eSpaceACML1.0','',(null),0,'',0,'','none','','','','','','');
insert into `dev_espace`.`espace_xsd_display_matchfields` values (172,11,25,'!datastream!ID','eSpaceACML - datastream -> ID','','static',0,(null),1,1,0,0,'none',0,'eSpaceACML','',(null),0,'',0,'','none','','','','','','');
insert into `dev_espace`.`espace_xsd_display_matchfields` values (173,11,25,'!datastream!CONTROL_GROUP','eSpaceACML - datastream -> CONTROL_GROUP','','static',0,(null),1,1,0,0,'none',0,'X','',36,0,'',0,'','none','','','','','','');
insert into `dev_espace`.`espace_xsd_display_matchfields` values (174,11,25,'!datastream!STATE','eSpaceACML - datastream -> STATE','','static',0,(null),1,1,0,0,'none',0,'A','',36,0,'',0,'','none','','','','','','');
insert into `dev_espace`.`espace_xsd_display_matchfields` values (175,11,25,'!datastream!VERSIONABLE','eSpaceACML - datastream -> VERSIONABLE','','static',0,(null),1,1,0,0,'none',0,'true','',(null),0,'',0,'','none','','','','','','');
insert into `dev_espace`.`espace_xsd_display_matchfields` values (176,11,25,'!datastream!datastreamVersion!LABEL','eSpaceACML - datastream -> datastreamVersion -> LABEL','','static',0,(null),1,1,0,0,'none',0,'eSpace Access Control Markup Language','',(null),0,'',0,'','none','','','','','','');
insert into `dev_espace`.`espace_xsd_display_matchfields` values (177,11,25,'!datastream!datastreamVersion!MIMETYPE','eSpaceACML - datastream -> datastreamVersion -> MIMETYPE','','static',0,(null),1,1,0,0,'none',0,'text/xml','',(null),0,'',0,'','none','','','','','','');
insert into `dev_espace`.`espace_xsd_display_matchfields` values (178,11,25,'!datastream!datastreamVersion!xmlContent','eSpaceACML - datastream -> datastreamVersion -> xmlContent','','xsd_ref',0,(null),1,1,0,0,'none',0,'','',(null),0,'',0,'','none','','','','','','');
insert into `dev_espace`.`espace_xsd_display_matchfields` values (185,17,27,'!rule!role!AD_Group','AD Group:','','text',1,10,1,1,660,0,'none',0,'','',36,0,'',0,'','none','','','','','','Editor');
insert into `dev_espace`.`espace_xsd_display_matchfields` values (186,17,27,'!rule!role!name','Editor','','static',1,10,1,1,650,0,'none',0,'Editor','',36,1,'Editor',1,'','none','','','','','editor.png','');
insert into `dev_espace`.`espace_xsd_display_matchfields` values (187,17,28,'!rule!role!name','Approver','','static',1,10,1,1,700,0,'none',0,'Approver','',36,1,'Approver',1,'','none','','','','','approver.png','');
insert into `dev_espace`.`espace_xsd_display_matchfields` values (188,17,27,'!rule!role!AD_User','AD User:','','text',1,10,1,1,670,0,'none',0,'','',36,0,'',0,'','none','','','','','','Editor');
insert into `dev_espace`.`espace_xsd_display_matchfields` values (189,17,28,'!rule!role!AD_Group','AD Group:','','text',1,10,1,1,710,0,'none',0,'','',(null),0,'',1,'','none','','','','','','Approver');
insert into `dev_espace`.`espace_xsd_display_matchfields` values (190,17,27,'!rule!role!eSpace_Group','eSpace Group:','','text',1,10,1,1,680,0,'none',0,'','',(null),0,'',0,'','none','','','','','','Editor');
insert into `dev_espace`.`espace_xsd_display_matchfields` values (191,17,28,'!rule!role!eSpace_Group','eSpace Group:','','text',1,10,1,1,730,0,'none',0,'','',(null),0,'',0,'','none','','','','','','Approver');
insert into `dev_espace`.`espace_xsd_display_matchfields` values (194,17,28,'!rule!role!AD_User','AD User:','','text',1,10,1,1,720,0,'none',0,'','',36,0,'',0,'','none','','','','','','Approver');
insert into `dev_espace`.`espace_xsd_display_matchfields` values (192,17,27,'!rule!role!eSpace_User','eSpace User:','','text',1,10,1,1,690,0,'none',0,'','',(null),0,'',0,'','none','','','','','','Editor');
insert into `dev_espace`.`espace_xsd_display_matchfields` values (193,17,28,'!rule!role!eSpace_User','eSpace User:','','text',1,10,1,1,740,0,'none',0,'','',(null),0,'',0,'','none','','','','','','Approver');
insert into `dev_espace`.`espace_xsd_display_matchfields` values (195,17,29,'!rule!role!name','Viewer','(If no viewer security rights are set on the object it will be assumed that anyone can view the object)','static',0,(null),1,1,510,0,'none',0,'Viewer','',36,1,'Viewer',1,'','none','','','','','viewer_22.png','');
insert into `dev_espace`.`espace_xsd_display_matchfields` values (196,17,29,'!rule!role!AD_Group','AD Group:','','text',1,10,1,1,530,0,'none',0,'','',36,0,'',1,'','none','','','','','','Viewer');
insert into `dev_espace`.`espace_xsd_display_matchfields` values (197,17,29,'!rule!role!AD_User','AD User:','','text',1,10,1,1,540,0,'none',0,'','',36,0,'',1,'','none','','','','','','Viewer');
insert into `dev_espace`.`espace_xsd_display_matchfields` values (198,17,29,'!rule!role!eSpace_Group','eSpace Group:','','text',1,10,1,1,550,0,'none',0,'','',36,0,'',1,'','none','','','','','','Viewer');
insert into `dev_espace`.`espace_xsd_display_matchfields` values (199,17,29,'!rule!role!eSpace_User','eSpace User:','','text',1,10,1,1,560,0,'none',0,'','',(null),0,'',1,'','none','','','','','','Viewer');
insert into `dev_espace`.`espace_xsd_display_matchfields` values (234,5,1,'!datastream!VERSIONABLE','DC - datastream -> VERSIONABLE','','static',0,(null),1,0,0,0,'none',0,'true','',36,0,'',0,'','none','','','','','','');
insert into `dev_espace`.`espace_xsd_display_matchfields` values (201,17,30,'!rule!role!name','Lister','(Who will be able to view this in listings and search results. If no viewer security rights are set on the object it will be assumed that anyone can list or search the object)','static',0,(null),1,1,410,0,'none',0,'Lister','',36,1,'Lister',1,'','none','','','','','lister_22.png','');
insert into `dev_espace`.`espace_xsd_display_matchfields` values (204,17,30,'!rule!role!AD_Group','AD Group','','text',1,10,1,1,430,0,'none',0,'','',36,0,'',1,'','none','','','','','','Lister');
insert into `dev_espace`.`espace_xsd_display_matchfields` values (205,17,30,'!rule!role!AD_User','AD User','','text',1,10,1,1,440,0,'none',0,'','',(null),0,'',1,'','none','','','','','','Lister');
insert into `dev_espace`.`espace_xsd_display_matchfields` values (206,17,30,'!rule!role!eSpace_Group','eSpace Group','','text',1,10,1,1,450,0,'none',0,'','',(null),0,'',1,'','none','','','','','','Lister');
insert into `dev_espace`.`espace_xsd_display_matchfields` values (207,17,30,'!rule!role!eSpace_User','eSpace User','','text',1,10,1,1,460,0,'none',0,'','',(null),0,'',1,'','none','','','','','','Lister');
insert into `dev_espace`.`espace_xsd_display_matchfields` values (208,17,31,'!rule!role!name','Commentor','','static',0,(null),1,1,800,0,'none',0,'Commentor','',36,1,'Commentor',1,'','none','','','','','commentor_22.png','');
insert into `dev_espace`.`espace_xsd_display_matchfields` values (233,17,34,'!rule!role!in_AD','Only Allow AD Authenticated Users?','','checkbox',0,(null),1,1,920,0,'none',0,'','',(null),0,'',1,'','none','','','','','','Comment_Viewer');
insert into `dev_espace`.`espace_xsd_display_matchfields` values (210,17,31,'!rule!role!AD_Group','AD Group','','text',1,10,1,1,820,0,'none',0,'','',(null),0,'',1,'','none','','','','','','Commentor');
insert into `dev_espace`.`espace_xsd_display_matchfields` values (211,17,31,'!rule!role!AD_User','AD User','','text',1,10,1,1,830,0,'none',0,'','',(null),0,'',1,'','none','','','','','','Commentor');
insert into `dev_espace`.`espace_xsd_display_matchfields` values (212,17,31,'!rule!role!eSpace_Group','eSpace Group','','text',1,10,1,1,840,0,'none',0,'','',(null),0,'',1,'','none','','','','','','Commentor');
insert into `dev_espace`.`espace_xsd_display_matchfields` values (213,17,31,'!rule!role!eSpace_User','eSpace User','','text',1,10,1,1,850,0,'none',0,'','',(null),0,'',1,'','none','','','','','','Commentor');
insert into `dev_espace`.`espace_xsd_display_matchfields` values (214,17,32,'!rule!role!name','Annotator','','static',0,(null),1,1,1000,0,'none',0,'Annotator','',(null),1,'Annotator',1,'','none','','','','','annotator_22.png','');
insert into `dev_espace`.`espace_xsd_display_matchfields` values (232,17,30,'!rule!role!in_AD','Only Allow AD Authenticated Users?','','checkbox',0,(null),1,1,420,0,'none',0,'','',(null),0,'',1,'','none','','','','','','Lister');
insert into `dev_espace`.`espace_xsd_display_matchfields` values (216,17,32,'!rule!role!AD_Group','AD Group','','text',1,10,1,1,1020,0,'none',0,'','',(null),0,'',1,'','none','','','','','','Annotator');
insert into `dev_espace`.`espace_xsd_display_matchfields` values (217,17,32,'!rule!role!AD_User','AD User','','text',1,10,1,1,1030,0,'none',0,'','',(null),0,'',1,'','none','','','','','','Annotator');
insert into `dev_espace`.`espace_xsd_display_matchfields` values (218,17,32,'!rule!role!eSpace_Group','eSpace Group','','text',1,10,1,1,1040,0,'none',0,'','',(null),0,'',1,'','none','','','','','','Annotator');
insert into `dev_espace`.`espace_xsd_display_matchfields` values (219,17,32,'!rule!role!eSpace_User','eSpace User','','text',1,10,1,1,1050,0,'none',0,'','',(null),0,'',1,'','none','','','','','','Annotator');
insert into `dev_espace`.`espace_xsd_display_matchfields` values (220,17,34,'!rule!role!name','Comment_Viewer','','static',0,(null),1,1,900,0,'none',0,'Comment_Viewer','',36,1,'Comment_Viewer',1,'','none','','','','','comment_viewer_22.png','');
insert into `dev_espace`.`espace_xsd_display_matchfields` values (231,17,29,'!rule!role!in_AD','Only Allow AD Authenticated Users?','','checkbox',0,(null),1,1,520,0,'none',0,'','',(null),0,'',1,'','none','','','','','','Viewer');
insert into `dev_espace`.`espace_xsd_display_matchfields` values (222,17,34,'!rule!role!AD_Group','AD Group','','text',1,10,1,1,930,0,'none',0,'','',36,0,'',1,'','none','','','','','','Comment_Viewer');
insert into `dev_espace`.`espace_xsd_display_matchfields` values (223,17,34,'!rule!role!AD_User','AD User','','text',1,10,1,1,930,0,'none',0,'','',(null),0,'',1,'','none','','','','','','Comment_Viewer');
insert into `dev_espace`.`espace_xsd_display_matchfields` values (224,17,34,'!rule!role!eSpace_Group','eSpace Group','','text',1,10,1,1,940,0,'none',0,'','',(null),0,'',1,'','none','','','','','','Comment_Viewer');
insert into `dev_espace`.`espace_xsd_display_matchfields` values (225,17,34,'!rule!role!eSpace_User','eSpace User','','text',1,10,1,1,950,0,'none',0,'','',(null),0,'',1,'','none','','','','','','Comment_Viewer');
insert into `dev_espace`.`espace_xsd_display_matchfields` values (226,17,33,'!rule!role!name','Community_Administrator','','static',0,(null),1,1,1100,0,'none',0,'Community_Administrator','',36,1,'Community_Administrator',1,'','none','','','','','community_admin_22.png','');
insert into `dev_espace`.`espace_xsd_display_matchfields` values (227,17,33,'!rule!role!AD_Group','AD Group','','text',1,10,1,1,1210,0,'none',0,'','',(null),0,'',1,'','none','','','','','','Community_Administrator');
insert into `dev_espace`.`espace_xsd_display_matchfields` values (228,17,33,'!rule!role!AD_User','AD User','','text',1,10,1,1,1220,0,'none',0,'','',(null),0,'',1,'','none','','','','','','Community_Administrator');
insert into `dev_espace`.`espace_xsd_display_matchfields` values (229,17,33,'!rule!role!eSpace_Group','eSpace Group','','text',1,10,1,1,1230,0,'none',0,'','',(null),0,'',1,'','none','','','','','','Community_Administrator');
insert into `dev_espace`.`espace_xsd_display_matchfields` values (230,17,33,'!rule!role!eSpace_User','eSpace User','','text',1,10,1,1,1240,0,'none',0,'','',(null),0,'',1,'','none','','','','','','Community_Administrator');

/*Table structure for table `dev_espace`.`espace_xsd_display_mf_option` */

CREATE TABLE `espace_xsd_display_mf_option` (
  `mfo_id` int(10) unsigned NOT NULL auto_increment,
  `mfo_fld_id` int(10) unsigned NOT NULL default '0',
  `mfo_value` varchar(64) NOT NULL default '',
  PRIMARY KEY  (`mfo_id`),
  KEY `icf_fld_id` (`mfo_fld_id`)
) ENGINE=MyISAM DEFAULT CHARSET=latin1;

/*Data for the table `dev_espace`.`espace_xsd_display_mf_option` */

insert into `dev_espace`.`espace_xsd_display_mf_option` values (26,20,'Japanese');
insert into `dev_espace`.`espace_xsd_display_mf_option` values (25,20,'Dutch');
insert into `dev_espace`.`espace_xsd_display_mf_option` values (24,20,'French');
insert into `dev_espace`.`espace_xsd_display_mf_option` values (23,20,'English');
insert into `dev_espace`.`espace_xsd_display_mf_option` values (22,17,'example');
insert into `dev_espace`.`espace_xsd_display_mf_option` values (20,12,'Geography');
insert into `dev_espace`.`espace_xsd_display_mf_option` values (21,23,'Public');
insert into `dev_espace`.`espace_xsd_display_mf_option` values (9,35,'text/xml');
insert into `dev_espace`.`espace_xsd_display_mf_option` values (10,35,'application/adobe pdf');
insert into `dev_espace`.`espace_xsd_display_mf_option` values (11,35,'application/word');
insert into `dev_espace`.`espace_xsd_display_mf_option` values (27,12,'Maths');
insert into `dev_espace`.`espace_xsd_display_mf_option` values (28,91,'');
insert into `dev_espace`.`espace_xsd_display_mf_option` values (29,149,'');
insert into `dev_espace`.`espace_xsd_display_mf_option` values (30,160,'Editor');
insert into `dev_espace`.`espace_xsd_display_mf_option` values (31,160,'Approver');
insert into `dev_espace`.`espace_xsd_display_mf_option` values (32,160,'Creator');
insert into `dev_espace`.`espace_xsd_display_mf_option` values (33,165,'Editor');
insert into `dev_espace`.`espace_xsd_display_mf_option` values (34,165,'Approver');
insert into `dev_espace`.`espace_xsd_display_mf_option` values (35,165,'Creator');

/*Table structure for table `dev_espace`.`espace_xsd_loop_subelement` */

CREATE TABLE `espace_xsd_loop_subelement` (
  `xsdsel_id` int(11) NOT NULL auto_increment,
  `xsdsel_xsdmf_id` int(11) default NULL,
  `xsdsel_title` varchar(255) default NULL,
  `xsdsel_type` varchar(30) default NULL,
  `xsdsel_order` int(6) default NULL,
  `xsdsel_attribute_loop_xsdmf_id` int(11) default '0',
  PRIMARY KEY  (`xsdsel_id`)
) ENGINE=MyISAM DEFAULT CHARSET=latin1;

/*Data for the table `dev_espace`.`espace_xsd_loop_subelement` */

insert into `dev_espace`.`espace_xsd_loop_subelement` values (1,30,'DC','hardset',1,(null));
insert into `dev_espace`.`espace_xsd_loop_subelement` values (7,50,'Fedora Object','hardset',1,(null));
insert into `dev_espace`.`espace_xsd_loop_subelement` values (4,42,'Fedora Object','hardset',1,(null));
insert into `dev_espace`.`espace_xsd_loop_subelement` values (5,42,'State','hardset',2,(null));
insert into `dev_espace`.`espace_xsd_loop_subelement` values (6,42,'Label','hardset',3,(null));
insert into `dev_espace`.`espace_xsd_loop_subelement` values (8,50,'State','hardset',2,(null));
insert into `dev_espace`.`espace_xsd_loop_subelement` values (9,50,'Label','hardset',3,(null));
insert into `dev_espace`.`espace_xsd_loop_subelement` values (10,56,'DC','hardset',1,(null));
insert into `dev_espace`.`espace_xsd_loop_subelement` values (11,71,'Fedora Object','hardset',1,(null));
insert into `dev_espace`.`espace_xsd_loop_subelement` values (12,71,'State','hardset',2,(null));
insert into `dev_espace`.`espace_xsd_loop_subelement` values (13,71,'Label','hardset',3,(null));
insert into `dev_espace`.`espace_xsd_loop_subelement` values (14,77,'DC','hardset',1,(null));
insert into `dev_espace`.`espace_xsd_loop_subelement` values (16,56,'RELS-EXT','hardset',2,(null));
insert into `dev_espace`.`espace_xsd_loop_subelement` values (17,90,'Member Resource Loop','attributeloop',1,91);
insert into `dev_espace`.`espace_xsd_loop_subelement` values (18,30,'eSpaceMD','hardset',2,0);
insert into `dev_espace`.`espace_xsd_loop_subelement` values (19,30,'MSWordDoc.doc','hardsetplus',3,0);
insert into `dev_espace`.`espace_xsd_loop_subelement` values (20,77,'eSpaceMD','hardset',2,0);
insert into `dev_espace`.`espace_xsd_loop_subelement` values (21,56,'eSpaceMD','hardset',3,0);
insert into `dev_espace`.`espace_xsd_loop_subelement` values (22,148,'Member resource loop','attributeloop',1,149);
insert into `dev_espace`.`espace_xsd_loop_subelement` values (23,30,'RELS-EXT','hardset',4,0);
insert into `dev_espace`.`espace_xsd_loop_subelement` values (24,166,'Role Member Loop','hardset',1,165);
insert into `dev_espace`.`espace_xsd_loop_subelement` values (25,77,'eSpaceACML','hardset',3,0);
insert into `dev_espace`.`espace_xsd_loop_subelement` values (26,179,'Creator','hardset',1,0);
insert into `dev_espace`.`espace_xsd_loop_subelement` values (27,179,'Editor','hardset',2,0);
insert into `dev_espace`.`espace_xsd_loop_subelement` values (28,179,'Approver','hardset',3,0);
insert into `dev_espace`.`espace_xsd_loop_subelement` values (29,179,'Viewer','hardset',4,0);
insert into `dev_espace`.`espace_xsd_loop_subelement` values (30,179,'Lister','hardset',5,0);
insert into `dev_espace`.`espace_xsd_loop_subelement` values (31,179,'Commentor','hardset',6,0);
insert into `dev_espace`.`espace_xsd_loop_subelement` values (32,179,'Annotator','hardset',8,0);
insert into `dev_espace`.`espace_xsd_loop_subelement` values (33,179,'Community Administrator','hardset',9,0);
insert into `dev_espace`.`espace_xsd_loop_subelement` values (34,179,'Comment_Viewer','hardset',7,0);

/*Table structure for table `dev_espace`.`espace_xsd_relationship` */

CREATE TABLE `espace_xsd_relationship` (
  `xsdrel_id` int(11) NOT NULL auto_increment,
  `xsdrel_xsdmf_id` int(11) default NULL,
  `xsdrel_xdis_id` int(11) default NULL,
  `xsdrel_order` int(6) default NULL,
  PRIMARY KEY  (`xsdrel_id`)
) ENGINE=MyISAM DEFAULT CHARSET=latin1;

/*Data for the table `dev_espace`.`espace_xsd_relationship` */

insert into `dev_espace`.`espace_xsd_relationship` values (8,32,6,1);
insert into `dev_espace`.`espace_xsd_relationship` values (13,61,10,1);
insert into `dev_espace`.`espace_xsd_relationship` values (15,88,12,1);
insert into `dev_espace`.`espace_xsd_relationship` values (16,94,13,1);
insert into `dev_espace`.`espace_xsd_relationship` values (17,116,15,1);
insert into `dev_espace`.`espace_xsd_relationship` values (18,144,15,1);
insert into `dev_espace`.`espace_xsd_relationship` values (19,145,15,1);
insert into `dev_espace`.`espace_xsd_relationship` values (20,158,16,1);
insert into `dev_espace`.`espace_xsd_relationship` values (21,178,17,1);
