-- --------------------------------------------------------
-- Host:                         espacedbm1
-- Server version:               5.6.12-log - MySQL Community Server (GPL)
-- Server OS:                    Linux
-- HeidiSQL Version:             9.1.0.4907
-- --------------------------------------------------------

/*!40101 SET @OLD_CHARACTER_SET_CLIENT=@@CHARACTER_SET_CLIENT */;
/*!40101 SET NAMES utf8mb4 */;
/*!40014 SET @OLD_FOREIGN_KEY_CHECKS=@@FOREIGN_KEY_CHECKS, FOREIGN_KEY_CHECKS=0 */;
/*!40101 SET @OLD_SQL_MODE=@@SQL_MODE, SQL_MODE='NO_AUTO_VALUE_ON_ZERO' */;
-- Dumping data for table espace.fez_wfbehaviour: ~92 rows (approximately)
/*!40000 ALTER TABLE `fez_wfbehaviour` DISABLE KEYS */;
REPLACE INTO `fez_wfbehaviour` (`wfb_id`, `wfb_title`, `wfb_description`, `wfb_version`, `wfb_script_name`, `wfb_auto`) VALUES
	(1, 'Thumbnail Resizer', 'Resize a given image to a 50x50 jpeg (constraining to ratio).', '1.0', 'thumbnail.php', 1),
	(13, 'Enter Metadata', '', '1.0', 'enter_metadata.php', 0),
	(15, 'Select Batch Import', 'Allows user to select a server local directory for a batch import.', '1.0', 'select_batchimport.php', 0),
	(16, 'Edit Metadata', '', '1.0', 'edit_metadata.php', 0),
	(17, 'Purge Object', '', '1.0', 'purge.php', 1),
	(18, 'Set Template Form', '', '', 'set_template.php', 0),
	(22, 'Select Community, Collection and Doc type', '', '', 'select_create_info.php', 0),
	(23, 'Select Record', 'Select Community, Collection and Record using javascript to drill down.', '', 'select_record.php', 0),
	(24, 'Select Collection', '', '', 'select_collection.php', 0),
	(25, 'Select Community', '', '', 'select_community.php', 0),
	(26, 'Set Collection XDIS_ID', '', '', 'set_collection_xdis_id.php', 1),
	(27, 'Set Community XDIS_ID', '', '', 'set_community_xdis_id.php', 1),
	(28, 'Publish', '', '', 'publish.php', 1),
	(29, 'Unpublish', '', '', 'unpublish.php', 1),
	(30, 'Preview', '', '', 'preview.php', 0),
	(31, 'Batch Import', 'Needs the select batchimport to have been run first.  Does the actual importing.  Will use any template that has been set in \'set_template\' or else will make mostly blank metadata.', '', 'batchimport.php', 1),
	(32, 'Edit Security', '', '1.0', 'edit_security.php', 0),
	(33, 'No Action', 'Just displays the state information.  Use to have an information only step.', '', 'no_action.php', 0),
	(34, 'Preview Image Resizer', 'Resize a given image to a 400x700 jpeg (constraining to ratio). ', '1.0', 'preview_format_image.php', 1),
	(35, 'Web Format Resizer', 'Resize a given image to a 800x600 jpeg (constraining to ratio). ', '1.0', 'web_format_image.php', 1),
	(36, 'Regenerate Images', '', '1.0', 'regenerate_images.php', 1),
	(37, 'Export Spreadsheet', '', '1.0', 'export_spreadsheet.php', 1),
	(38, 'Export Spreadsheet Background', 'Exports a spreadsheet as a background process', '1.0', 'export_spreadsheet_bgp.php', 1),
	(39, 'Regenerate AuthIndex', 'Regenerates the auth index for a selected pid.  Or for the whole repository if no pid is selected.', '1.0', 'regenerate_auth_index.php', 1),
	(40, 'Fulltext Index', 'Generate search index for fulltext searching.', '1.0', 'fulltextindex.php', 1),
	(41, 'Bulk Move Record to Collection', 'Accepts a list of PIDs and changes their isMemberOf value to a  new given collection PID parameter. Does this in each xml RELS-EXT datastream and reindexes the object including security. Runs in background.', '1.0', 'bulk_move_record_collection.php', 1),
	(42, 'Regenerate Object Index', 'Regenerates the metadata index for the selected objects in fez. Recurses to any sub-objects. This index is used for searching for and listing objects.', '1.0', 'regenerate_object_index.php', 1),
	(43, 'Select Collection Create Info', '', '1.0', 'select_collection_create_info.php', 0),
	(44, 'Clone Record', 'Do the cloning.  Assumes that the source pid has already been set  and that the is_successor variable has been set.', '1.0', 'clone_record.php', 1),
	(45, 'Clone Record Options', 'Form to request options for clone record.', '1.0', 'clone_record_form.php', 0),
	(46, 'Bulk Assign Record to Group', 'Accepts a list of PIDs and changes their grp_id value to a given Fez group ID parameter. Does this in each xml FezMD datastream and reindexes the object including security. Runs in background.', '1.0', 'bulk_assign_record_group.php', 1),
	(47, 'Bulk Assign Record to User', 'Accepts a list of PIDs and changes their FezMD usr_id value to a given Fez usr ID parameter. Does this in each xml FezMD datastream and reindexes the object including security. Runs in background.', '1.0', 'bulk_assign_record_user.php', 1),
	(48, 'Select Group', '', '1.0', 'select_group.php', 0),
	(49, 'Select User', '', '1.0', 'select_user.php', 0),
	(50, 'In Review', '', '1.0', 'in_review.php', 1),
	(51, 'Submit for Approval', '', '1.0', 'submit_for_approval.php', 1),
	(52, 'Block on Background Process', 'Special state that displays information in the workflow state but disables the workflow buttons, instead it redirects them to the background processes page in my fez (after they have pressed ok).', '1.0', 'block.php', 0),
	(53, 'Chain Workflow', 'Links to another workflow based on trigger wft_id stored in workflow var \'chain_wft_id\'', '1.0', 'chain_workflow.php', 1),
	(54, 'Duplicates Report Merge ISI_LOC', 'Processes a duplciates report and merges records based on matching isi_loc in the mods:identifier element.', '1.0', 'duplicates_report_auto_merge_isi_loc.php', 1),
	(55, 'Generate Duplicates Report', 'Generates a duplicates report and saves it as a PID.', '1.0', 'generate_duplicates_report.php', 1),
	(56, 'Notify Process Finished', 'Sends an email to the owner of the workflow to notify that a background process has finished.  The workflow variable \'notify\' can be used to set some specific message text.', '1.0', 'notify_done.php', 1),
	(57, 'Save Source Pids', 'Works out source pids (int he collection in $this->pid) for the workflow and puts them in $this->pids so that you can then run another step to select a destination which will overwrite $this->pid', '1.0', 'save_source_pids.php', 1),
	(58, 'Duplicates Report', 'Reports duplicates', '1.0', 'duplicates_report.php', 0),
	(59, 'Split Collection', 'Split collection into many collections of smaller sizes', '1.0', 'split_collection.php', 1),
	(60, 'Edit Affiliations', 'This form allows percentage affiliations to be stored in a table for pids and authors.  Part of HERDC requirements.', '1.0', 'edit_affiliation.php', 0),
	(61, 'Batch add files to record', 'Needs the select add files to record workflow behaviour to have been run first. Does the actual adding to the object. ', '1.0', 'batchadd_record.php', 1),
	(62, 'Mark as Deleted', 'Sets the fedora \'D\' object state.', '1.0', 'mark_as_deleted.php', 1),
	(63, 'Select SAN files to add to object', 'Allows the user to select a number of network files to be uploaded to the object. Especially useful for large files which cannot be uploaded via the browser.', '1.0', 'select_batchadd_record.php', 0),
	(64, 'Convert Video', 'Accepts almost any video format that FFMpeg suppors and creates a flash video streaming dissemination copy.', '1.0', 'convert_video.php', 1),
	(65, 'Thumbnail Video Screenshot', 'Takes a frame from the start of the video to use as a thumbnail.', '1.0', 'thumbnail_video.php', 1),
	(66, 'Batch add files to record by Group', 'Needs the select add files to record workflow behaviour to have been run first. Does the actual adding to the object.', '1.0', 'batchadd_record_group.php', 1),
	(67, 'Select SAN files to add to object by group', 'Allows the user to select a number of network files to be uploaded to the object. Especially useful for large files which cannot be uploaded via the browser.', '1.0', 'select_batchadd_record_group.php', 0),
	(68, 'Convert Audio', ' Accepts almost any audio format that FFMpeg supports and creates a flash video streaming dissemination copy.', '1.0', 'convert_audio.php', 1),
	(69, 'Register Main Chapter', 'This form allows registration of main chapter status for certain authors. Part of HERDC requirements.', '1.0', 'main_chapter.php', 0),
	(70, 'Bulk Copy Record to Collection', 'Accepts a list of PIDs and changes their isMemberOf value to a new given collection PID parameter. Does this in each xml RELS-EXT datastream and reindexes the object including security. Runs in background.', '1.0', 'bulk_copy_record_collection.php', 1),
	(71, 'Bulk Remove Record from Collection', 'Accepts a list of PIDs and changes their isMemberOf value to a new given collection PID parameter. Does this in each xml RELS-EXT datastream and reindexes the object including security. Runs in background.', '1.0', 'bulk_remove_record_collection.php', 1),
	(72, 'Process Origami Images', '', '1.0', 'process_origami_images.php', 1),
	(73, 'Regenerate Object Index and Derivated Datastreams', 'Regenerates the object (and any of its children) index, auth index, preservation metadata, exif data and derived datastreams (thumbs, streams etc)', '1.0', 'regenerate_object_all.php', 1),
	(74, 'Reindex', '', '1.0', 'reindex.php', 1),
	(75, 'Reject Record', '', '1.0', 'reject_record.php', 0),
	(76, 'Reject Record Finalise', '', '1.0', 'reject_record_finalise.php', 1),
	(77, 'Save Record', '', '1.0', 'save_record.php', 1),
	(78, 'Submitted for Approval Confirmation', '', '1.0', 'sfa_confirm.php', 0),
	(79, 'Student Thesis Submitted for Approval Confirmation', 'Message the students will get on the screen and then send them and libtheses@library.uq.edu.au  an email.', '1.0', 'sfa_student_thesis_confirm.php', 0),
	(80, 'Set FezACML for Student Thesis Submission', '', '1.0', 'secure_student_thesis_submission.php', 1),
	(81, 'Edit User Viewers', '', '1.0', 'edit_user_viewers.php', 0),
	(82, 'Bulk Assign Author ID to Record', '', '1.0', 'bulk_assign_authorid.php', 1),
	(83, 'Enter Author Text', '', '1.0', 'enter_author_text.php', 0),
	(84, 'Student Professional Doctorate Submitted for Approval Confirmation', 'Message the students will get on the screen and then send them and lib-sbs-theses@library.uq.edu.au  an email. ', '1.0', 'sfa_student_pd_confirm.php', 0),
	(85, 'Set FezACML for Student PD Submission', '', '1.0', 'secure_student_pd_submission.php', 1),
	(86, 'Change Display Type', '', '1.0', 'change_display_type.php', 1),
	(87, 'Change Display Type Options', '', '1.0', 'change_display_type_form.php', 0),
	(88, 'Bulk Reindex and Regenerate Derivated Datastreams', '', '1.0', 'reindex_and_derivations.php', 1),
	(89, 'Bulk Strip isi_loc', 'Strips Isi_loc from records in preparation of Links AMR Service data import.', '1.0', 'bulk_strip_isi_loc.php', 1),
	(90, 'Bulk Update Authors From ESTI', 'Updates authors on a record using ESTI', '1.0', 'bulk_update_authors_from_esti.php', 1),
	(91, 'Bulk Strip Abstract', 'Strips abstracts from records - to be run on ESTI imported records', '1.0', 'bulk_strip_abstract.php', 1),
	(92, 'Add custom delete comment', 'Add a custom comment relating to the deletion of one or more objects', '1.0', 'custom_delete_comment.php', 0),
	(93, 'Bulk Strip Scopus ID', ' Strips Scopus ID (EID) values from mods:identifier - eg for when they have been badly assigned. Mainly for use with the Ad Hoc query -> bulk workflow system.', '1.0', 'bulk_strip_scopus_id.php', 1),
	(94, 'Bulk Change Display Type', 'Change a list of display types from a search or an ad-hoc query to a different display type. This will cause data loss where the display types don\'t overlap next time the pid is updated. ', '1.0', 'bulk_change_display_type.php', 1),
	(95, 'Bulk Links AMR Upload', 'Uploads selected PIDs to Thomson Reuter\'s Links Article Match Retrieve Service for identifying UTs.', '1.0', 'bulk_links_amr_upload.php', 1),
	(96, 'Bulk Change Search Key', 'Change any search key value', '1.0', 'bulk_change_search_key.php', 1),
	(97, 'Select Search Key and Value', 'Select a search key and its new value', '1.0', 'change_search_key.php', 0),
	(98, 'Generate bookreader images from pdfs', 'Generate one jpeg image per page of each pdf in a pid. Images then to be accessible through bookreader.', '0.5', 'generate_bookreader_images.php', 1),
	(99, 'Bulk generate bookreader images', 'Generate images for all pdfs for all specified PIDs.', '0.5', 'bulk_generate_bookreader_images.php', 1),
	(100, 'Edit ERA Affiliations', 'This form allows ERA affiliations to be stored in a table for pids and authors.  Part of ERA requirements', '1.0', 'edit_era_affiliation.php', 0),
	(101, 'HERDC Evidence follow-up', 'Lodge a job on Eventum for HERDC Evidence follow-up', '1.0', 'herdc_evidence_followup.php', 1),
	(102, 'HERDC Evidence follow-up - Confirmation Message', 'Display confirmation message before processing Evidence Follow-up.', '1.0', 'herdc_evidence_followup_confirmation.php', 0),
	(103, 'Submit Dataset for Approval', 'Sends an email to the user and to the data team email address', '1.0', 'sfa_dataset_confirm.php', 0),
	(104, 'Retract Record', 'Mark as retracted.', '1.0', 'retract.php', 1),
	(105, 'Add custom retract comment', 'Add a custom comment relating to the retraction of a record', '1.0', 'custom_retract_comment.php', 0),
	(106, 'Create/Update DOI', 'Create/Update a DOI for this record', '1.0', 'create_doi.php', 1),
	(107, 'Create/Update DOI preview', 'Preview DOI data before creating', '1.0', 'create_doi_preview.php', 0);
/*!40000 ALTER TABLE `fez_wfbehaviour` ENABLE KEYS */;

-- Dumping data for table espace.fez_workflow: ~67 rows (approximately)
/*!40000 ALTER TABLE `fez_workflow` DISABLE KEYS */;
REPLACE INTO `fez_workflow` (`wfl_id`, `wfl_title`, `wfl_version`, `wfl_description`, `wfl_roles`, `wfl_end_button_label`) VALUES
	(1, 'Ingest Image', '1.1', 'Creates a thumbnail of the image', 'Creator, Editor, Approver, Community_Administrator, Collection_Administrator', 'Save'),
	(4, 'Create Community', '1.0', '', 'Administrator', 'Save'),
	(5, 'Create Collection In Selected Community', '1.0', '', 'Creator, Editor, Approver, Community_Administrator, Collection_Administrator', 'Save'),
	(7, 'Batch Import Into Selected Collection', '1.0', 'Imports a set of files from a directory local to the server.', 'Creator, Editor, Approver, Community_Administrator, Collection_Administrator', 'Ok'),
	(8, 'Update Selected Record - Generic', '1.0', '', 'Editor, Approver, Community_Administrator, Collection_Administrator', 'Save Changes'),
	(9, 'Purge Selected Record - Generic', '1.0', '', 'Community_Administrator', 'Save'),
	(21, 'Edit Security for Selected Community', '1.0', '', 'Administrator, Community_Administrator', 'Save Changes'),
	(22, 'Edit Security for Selected Collection', '1.0', '', 'Administrator, Community_Administrator, Collection_Administrator', 'Save Changes'),
	(23, 'Edit Security for Select Record', '1.0', '', 'Administrator, Community_Administrator, Collection_Administrator', 'Save Changes'),
	(24, 'Edit Security for Selected Datastream', '1.0', '', 'Editor, Approver, Community_Administrator, Collection_Administrator', 'Save Changes'),
	(25, 'Regenerate Image Datastreams', '1.0', '', 'Community_Administrator', ''),
	(26, 'Export Spreadsheet for Selected Record', '1', '', 'Community_Administrator', 'Save'),
	(27, 'Regenerate Image Datastreams On Selected Record', '1.0', '', 'Editor, Approver, Community_Administrator, Collection_Administrator', ''),
	(28, 'Export Spreadsheet for Selected Record in Background', '1.0', 'Exports Spreadsheet as background process', 'Community_Administrator', 'Ok'),
	(29, 'Regenerate Auth Index', '1.0', 'Regenerates the Auth Index for a selected Object or for the whole repository if no record is selected.  This does not make changes to the fedora repository.', 'Administrator, Community_Administrator', 'Ok'),
	(31, 'Fulltext Index', '1.0', 'Generate fulltext index for a pid or whole repository (if no pid selected)', 'Creator, Editor, Approver, Community_Administrator, Collection_Administrator', 'Ok'),
	(72, 'Create Generic Record In Selected Collection', '1.0', '', 'Creator, Editor, Approver, Community_Administrator, Collection_Administrator', 'Save'),
	(73, 'Batch Import', '1.0', 'Imports a set of files from a directory local to the server.', 'Creator, Editor, Approver, Community_Administrator, Collection_Administrator', 'Ok'),
	(74, 'Create Record', '1.0', '', 'Creator, Editor, Approver, Community_Administrator, Collection_Administrator', 'Save'),
	(75, 'Update Record', '1.0', '', 'Editor, Approver, Community_Administrator, Collection_Administrator', 'Save Changes'),
	(76, 'Delete Record', '1.0', '', 'Community_Administrator, Collection_Administrator', 'Save'),
	(77, 'Delete Collection', '1.0', '', 'Community_Administrator', 'Save'),
	(78, 'Create Collection', '1.0', '', 'Creator, Editor, Approver, Community_Administrator, Collection_Administrator', 'Save'),
	(79, 'Update Collection', '1.0', '', 'Editor, Approver, Community_Administrator, Collection_Administrator', 'Save'),
	(80, 'Update Community', '1.0', '', 'Community_Administrator', 'Save'),
	(81, 'Delete Community', '1.0', '', 'Administrator', 'Save'),
	(83, 'Bulk Move to Collection', '1.0', '', 'Administrator', 'Ok'),
	(84, 'Regenerate Object Index', '1.0', 'Regenerates the metadata index for the selected objects in fez.   Recurses to any sub-objects. This index is used for searching for and listing objects.', 'Administrator, Community_Administrator, Collection_Administrator', 'Ok'),
	(85, 'Clone Selected Record', '1.0', 'Copy a record to a new PID.', 'Creator, Editor, Community_Administrator, Collection_Administrator, Approver', 'Ok'),
	(86, 'Bulk Assign to Group', '1.0', '', 'Editor, Approver, Community_Administrator, Collection_Administrator', 'Ok'),
	(87, 'Bulk Assign to User', '1.0', '', 'Editor, Approver, Community_Administrator, Collection_Administrator', 'Ok'),
	(88, 'Generate Duplicates Report', '1.0', 'Generates a duplicates report.', 'Community_Administrator, Administrator ', 'Finished'),
	(89, 'Duplicates Report', '1.0', 'Workflow for finding duplicates in a collection.', 'Editor, Approver, Community_Administrator, Collection_Administrator', 'Finished'),
	(90, 'Split Collection', '1.0', 'Splits a collection into many collections with less records.', NULL, 'Ok'),
	(91, 'Bulk Publish', '1.0', 'Bulk Publish', NULL, 'Ok'),
	(92, 'Edit Author Affiliations', '1.0', 'HERDC Author Affiliations', NULL, 'Finished'),
	(93, 'Add datastreams from local network by username', '1.0', 'Add datastreams from the local network disk as setup in the Fez SAN location configuration', NULL, 'Attach Selected Files'),
	(94, 'Delete Selected Record', '1.0', 'Marks record as deleted.  (Can be undeleted by an Administrator)', NULL, 'Delete'),
	(95, 'Export CSV for Selected Record', '1', '', NULL, ''),
	(96, 'Export CSV for Selected Record in Background', '1.0', 'Exports CSV as background process', NULL, 'Ok'),
	(97, 'Ingest Video', '1.0', 'Creates a flash video dissemination of an archival original uploaded video.', NULL, 'Save'),
	(98, 'Add datastreams from local network by group', '1.0', 'Add datastreams from the local network disk as setup in the Fez SAN location configuration', NULL, 'Save'),
	(99, 'Ingest Audio', '1.0', ' Creates a flash video dissemination of an archival original uploaded audio.', NULL, 'Save'),
	(100, 'Register Main Chapter', '1.0', 'HERDC Main Chapter Registration', NULL, 'Finished'),
	(101, 'Bulk Copy to Collection', '1.0', '', NULL, 'Ok'),
	(102, 'Bulk Remove from Collection', '1.0', '', NULL, 'Ok '),
	(103, 'Regenerate Object Index and Derivated Datastreams', '1.0', '', NULL, 'Ok'),
	(104, 'Reindex', '1.0', '', NULL, 'Finish'),
	(105, 'Student Submission of Thesis', '1.0', '', NULL, 'Save'),
	(106, 'Manage Thesis Assessor Access', '1.0', '', NULL, 'Update Access List'),
	(107, 'Bulk Assign Author ID', '1.0', '', NULL, 'Save'),
	(108, 'Faculty of Social and Behavioural Sciences Student Submission of Professional Doctorate Thesis', '1.0', '', NULL, 'Save'),
	(109, 'Change Display Type', '1.0', '', NULL, 'Save'),
	(110, 'Bulk Reindex and Regenerate Derivated Datastreams', '1.0', '', NULL, 'Ok'),
	(111, 'Bulk Strip Isi_loc', '1.0', 'Strips Isi_loc from records in preparation of Links AMR Service data import.', NULL, 'Save'),
	(112, 'Bulk Update Authors From ESTI', '1.0', 'Updates authors on a record using ESTI', NULL, 'Save'),
	(113, 'Bulk Strip Abstract', '1.0', 'Strips abstracts from records - to be run on ESTI imported records', NULL, 'Save'),
	(114, 'Bulk Strip Scopus ID', '1.0', 'Strip Scopus ID (EID). Usually run due against an Ad Hoc query.', NULL, 'Save'),
	(115, 'Bulk Change Display Type', '1.0', 'Change a list of display types from a search or an ad-hoc query to a different display type. This will cause data loss where the display types don\'t overlap next time the pid is updated. ', NULL, 'Ok'),
	(116, 'Bulk Links AMR Upload', '1.0', 'Uploads selected PIDs to Thomson Reuter\'s Links Article Match Retrieve Service for identifying UTs.', NULL, 'OK'),
	(117, 'Bulk Change Search Key Value', '1.0', 'Bulk Change Search Key Value', NULL, 'Ok'),
	(118, 'Generate bookreader images', '0.5', '', NULL, 'Save'),
	(119, 'Bulk Generate Bookreader Images', '0.5', 'Bulk generate bookreader images.', NULL, 'OK'),
	(120, 'Edit ERA Author Affiliations', '1.0', 'ERA Author Affiliations', NULL, 'Save'),
	(121, 'HERDC Evidence Follow-up', '2.0', 'Create an issue in Eventum for HERDC Evidence follow-up', NULL, 'Proceed'),
	(122, 'Submission of Dataset', '1', 'Emails the depositor and the dataset team eventum list with custom email templates', NULL, 'Save'),
	(124, 'Create/Update DOI', '1.0', 'Create a DOI for a pid or send metadata to Crossref for an update.', NULL, 'Create DOI');
/*!40000 ALTER TABLE `fez_workflow` ENABLE KEYS */;

-- Dumping data for table espace.fez_workflow_roles: ~146 rows (approximately)
/*!40000 ALTER TABLE `fez_workflow_roles` DISABLE KEYS */;
REPLACE INTO `fez_workflow_roles` (`wfr_wfl_id`, `wfr_aro_id`) VALUES
	(1, 2),
	(1, 6),
	(1, 7),
	(1, 8),
	(4, 6),
	(5, 2),
	(5, 6),
	(5, 7),
	(5, 8),
	(7, 2),
	(7, 6),
	(7, 7),
	(7, 8),
	(8, 2),
	(8, 6),
	(8, 8),
	(9, 6),
	(21, 6),
	(22, 6),
	(23, 6),
	(24, 2),
	(24, 6),
	(24, 8),
	(25, 6),
	(26, 6),
	(27, 2),
	(27, 6),
	(27, 8),
	(28, 6),
	(29, 6),
	(31, 2),
	(31, 6),
	(31, 7),
	(31, 8),
	(72, 2),
	(72, 6),
	(72, 7),
	(72, 8),
	(73, 2),
	(73, 6),
	(73, 7),
	(73, 8),
	(74, 2),
	(74, 6),
	(74, 7),
	(74, 8),
	(75, 2),
	(75, 6),
	(75, 8),
	(76, 6),
	(77, 6),
	(78, 2),
	(78, 6),
	(78, 7),
	(78, 8),
	(79, 2),
	(79, 6),
	(79, 8),
	(80, 6),
	(81, 6),
	(83, 6),
	(84, 6),
	(85, 2),
	(85, 6),
	(85, 7),
	(85, 8),
	(86, 2),
	(86, 6),
	(86, 8),
	(87, 2),
	(87, 6),
	(87, 8),
	(88, 6),
	(89, 2),
	(89, 6),
	(89, 8),
	(90, 6),
	(91, 2),
	(91, 6),
	(92, 6),
	(93, 2),
	(93, 6),
	(93, 7),
	(93, 8),
	(94, 6),
	(95, 6),
	(96, 6),
	(97, 2),
	(97, 6),
	(97, 7),
	(97, 8),
	(98, 2),
	(98, 6),
	(98, 7),
	(98, 8),
	(99, 2),
	(99, 6),
	(99, 7),
	(99, 8),
	(100, 2),
	(100, 6),
	(100, 8),
	(101, 6),
	(102, 6),
	(102, 8),
	(103, 6),
	(104, 6),
	(105, 7),
	(106, 2),
	(106, 6),
	(107, 2),
	(107, 6),
	(108, 7),
	(109, 6),
	(110, 6),
	(111, 6),
	(112, 6),
	(113, 6),
	(114, 6),
	(115, 6),
	(116, 6),
	(117, 6),
	(118, 1),
	(118, 2),
	(118, 3),
	(118, 4),
	(118, 5),
	(118, 6),
	(118, 7),
	(118, 8),
	(118, 9),
	(118, 10),
	(119, 1),
	(119, 2),
	(119, 3),
	(119, 4),
	(119, 5),
	(119, 6),
	(119, 7),
	(119, 8),
	(119, 9),
	(119, 10),
	(120, 6),
	(121, 8),
	(122, 7),
	(124, 6);
/*!40000 ALTER TABLE `fez_workflow_roles` ENABLE KEYS */;

-- Dumping data for table espace.fez_workflow_state: ~175 rows (approximately)
/*!40000 ALTER TABLE `fez_workflow_state` DISABLE KEYS */;
REPLACE INTO `fez_workflow_state` (`wfs_id`, `wfs_wfl_id`, `wfs_title`, `wfs_description`, `wfs_auto`, `wfs_wfb_id`, `wfs_start`, `wfs_end`, `wfs_assigned_role_id`, `wfs_transparent`, `wfs_roles`, `wfs_display_order`) VALUES
	(15, 2, 'Get Word Document Properties Metadata', '', 1, 11, 1, 0, 0, 0, NULL, 999),
	(16, 2, 'Convert to PDF', '', 1, 10, 0, 0, 0, 0, NULL, 999),
	(17, 2, 'Enter Metadata', '', 0, 10, 0, 0, 0, 0, NULL, 999),
	(18, 2, 'Review Metadata', '', 0, 10, 0, 0, 0, 0, NULL, 999),
	(19, 2, 'Release', '', 0, 10, 0, 1, 0, 0, NULL, 999),
	(20, 2, 'Get Preservation Metadata', '', 1, 11, 0, 0, 0, 0, NULL, 999),
	(31, 2, 'Set Template', '', 0, 18, 0, 0, 0, 0, NULL, 999),
	(59, 20, 'Publish', '', 1, 28, 0, 1, NULL, 0, NULL, 999),
	(60, 20, 'Review Metadata', '', 0, 16, 1, 0, NULL, 0, NULL, 999),
	(64, 20, 'Unpublish', '', 1, 29, 0, 0, NULL, 1, NULL, 999),
	(69, 20, 'Preview', '', 0, 30, 0, 1, NULL, 0, NULL, 999),
	(71, 20, 'Unpublish and End', '', 1, 29, 0, 1, NULL, 0, NULL, 999),
	(497, 91, 'Publish', '', 1, 28, 1, 1, NULL, 0, NULL, 999),
	(606, 93, 'Select files to add to object', '', 0, 63, 1, 0, NULL, 0, NULL, 999),
	(607, 93, 'Finish workflow', '', 1, 61, 0, 1, NULL, 0, NULL, 999),
	(609, 73, 'Batch Import', '', 1, 31, 0, 1, NULL, 0, NULL, 999),
	(611, 73, 'Set Template', '<p>This form sets the default metadata to be applied to each record as it is imported. The title field will be over-written with the name of the file. \r\n</p>\r\n<p>If importing from a source that already has metadata such as ePrints, then skip this step.</p>', 0, 18, 0, 0, NULL, 0, NULL, 999),
	(612, 73, 'Select Batch Import Location', '<p>The collection to be imported must be scanned and copied into a subdirectory in the Fez batch import directory.  This form lists the subdirectories found in the Fez import directory.  If your directory hasn\'t been created yet, then create it now and refresh this page.\r\n</p>\r\n<p>\r\nWhen done, click \'Set Template\' if you want to enter default metadata for each record or go straight to Batch Import if you are importing from ePrints or a source that already has metadata.</p>\r\n', 0, 15, 0, 0, NULL, 0, NULL, 999),
	(613, 73, 'Select Collection', '', 0, 22, 1, 0, NULL, 0, NULL, 999),
	(615, 7, 'Select Batch Import Location', 'The collection to be imported must be scanned and copied into a subdirectory in the Fez batch import directory.  This form lists the subdirectories found in the Fez import directory.  If your directory hasn\'t been created yet, then create it now and refresh this page.\r\n\r\nWhen done, click \'Set Template\' if you want to enter default metadata for each record or go straight to Batch Import if you are importing from ePrints or a source that already has metadata.', 0, 15, 1, 0, NULL, 0, NULL, 999),
	(616, 7, 'Set Template', 'This form sets the default metadata to be applied to each record as it is imported.  However, the title field will be over-written with the name of the file.  If importing from a source that already has metadata such as ePrints, then skip this step.', 0, 18, 0, 0, NULL, 0, NULL, 999),
	(617, 7, 'Batch Import', '', 1, 31, 0, 1, NULL, 0, NULL, 999),
	(618, 86, 'Bulk Assign Records to Selected Group', '', 1, 46, 0, 1, NULL, 0, NULL, 999),
	(619, 86, 'Select Group', '', 0, 48, 1, 0, NULL, 0, NULL, 999),
	(620, 87, 'Bulk Assign Record to User', '', 1, 47, 0, 1, NULL, 0, NULL, 999),
	(621, 87, 'Select User', '', 0, 49, 1, 0, NULL, 0, NULL, 999),
	(623, 83, 'Bulk Move into Selected Collection', '', 1, 41, 0, 1, NULL, 0, NULL, 999),
	(624, 83, 'Select Collection', '', 0, 24, 1, 0, NULL, 0, NULL, 999),
	(625, 85, 'Publish', '', 1, 28, 0, 1, NULL, 0, NULL, 999),
	(626, 85, 'Clone Record', '', 1, 44, 0, 0, NULL, 0, NULL, 999),
	(627, 85, 'Edit Cloned Record Metadata', 'This is the metadata for the cloned record. ', 0, 16, 0, 0, NULL, 0, NULL, 999),
	(628, 85, 'unpublish', '', 1, 29, 0, 0, NULL, 1, NULL, 999),
	(629, 85, 'Select Clone Options', 'Fill out the following options for cloning the record.', 0, 45, 1, 0, NULL, 0, NULL, 999),
	(630, 85, 'Save and Preview', '', 0, 30, 0, 0, NULL, 0, NULL, 999),
	(631, 85, 'Submit for Approval', 'The record has been added to the list of unpublished records to be reviewed for this collection .', 0, 33, 0, 1, NULL, 0, NULL, 999),
	(632, 78, 'Publish', '', 1, 28, 0, 1, NULL, 0, NULL, 999),
	(633, 78, 'Submit for Approval', '', 1, 51, 0, 1, NULL, 0, NULL, 999),
	(634, 78, 'Select Community', '', 0, 43, 1, 0, NULL, 0, NULL, 999),
	(635, 78, 'Enter Metadata', '', 0, 13, 0, 0, NULL, 0, NULL, 999),
	(636, 5, 'Submit for Approval', '', 1, 51, 0, 1, NULL, 0, NULL, 999),
	(637, 5, 'Enter Metadata', '', 0, 13, 1, 0, NULL, 0, NULL, 999),
	(638, 5, 'Publish', '', 1, 28, 0, 1, NULL, 0, NULL, 999),
	(639, 4, 'Set XDIS ID', '', 1, 27, 1, 0, NULL, 1, NULL, 999),
	(640, 4, 'Publish', '', 1, 28, 0, 1, NULL, 0, NULL, 999),
	(641, 4, 'Enter Metadata', '', 0, 13, 0, 0, NULL, 0, NULL, 999),
	(651, 77, 'Select Collection', '', 0, 24, 1, 0, NULL, 0, NULL, 999),
	(652, 77, 'Delete', '', 1, 62, 0, 1, NULL, 0, NULL, 999),
	(653, 81, 'Select Community', '', 0, 25, 1, 0, NULL, 0, NULL, 999),
	(654, 81, 'Delete', '', 1, 62, 0, 1, NULL, 0, NULL, 999),
	(655, 76, 'Select Record', '', 0, 23, 1, 0, NULL, 0, NULL, 999),
	(656, 76, 'Delete', '', 1, 62, 0, 1, NULL, 0, NULL, 999),
	(657, 94, 'Delete', '', 1, 62, 0, 1, NULL, 0, NULL, 999),
	(658, 89, 'Show Duplicates List', 'This is a report of duplicates found for the selected records.  Select an item to see its duplicate records.', 0, 58, 1, 1, NULL, 0, NULL, 999),
	(659, 92, 'Edit Affiliations', '', 0, 60, 1, 1, NULL, 0, NULL, 999),
	(660, 23, 'Edit Security', '', 0, 32, 1, 1, NULL, 0, NULL, 999),
	(661, 22, 'Edit Security', '', 0, 32, 1, 1, NULL, 0, NULL, 999),
	(662, 21, 'Edit Security', '', 0, 32, 1, 1, NULL, 0, NULL, 999),
	(663, 24, 'Edit Security', '', 0, 32, 1, 1, NULL, 0, NULL, 999),
	(664, 95, 'Do Export', '', 1, 37, 1, 1, NULL, 0, NULL, 999),
	(665, 96, 'Do Export', '', 1, 38, 1, 1, NULL, 0, NULL, 999),
	(667, 26, 'Do Export', '', 1, 37, 1, 1, NULL, 0, NULL, 999),
	(668, 28, 'Do Export', '', 1, 38, 1, 1, NULL, 0, NULL, 999),
	(671, 31, 'Start', '', 1, 40, 1, 1, NULL, 0, NULL, 999),
	(672, 88, 'Generating Report', 'The Duplicates Report is being generated and may take some time to run.  You will be notified by email when it completes.  You can check the progress in the dashboard under \'Background Processes\'.', 0, 52, 0, 0, NULL, 0, NULL, 999),
	(673, 88, 'Merge on ISI_LOCs', 'Merging the records in the report if they match on the isi_loc element.', 1, 54, 0, 0, NULL, 0, NULL, 999),
	(674, 88, 'Generate Report', '', 1, 55, 0, 0, NULL, 0, NULL, 999),
	(675, 88, 'Goto Report', '', 1, 53, 0, 1, NULL, 1, NULL, 999),
	(676, 88, 'Merging on ISI_LOCs', 'The report is being reprocessed to automatically merge records with matching isi_loc elements.  You will be notified by email when this task completes.', 0, 52, 0, 0, NULL, 0, NULL, 999),
	(677, 88, 'Select Report Collection', 'Please enter some details about the report.', 0, 24, 0, 0, NULL, 0, NULL, 999),
	(678, 88, 'Email User', 'This state should email the user about the previous state finishing.', 1, 56, 0, 0, NULL, 1, NULL, 999),
	(679, 88, 'Get Source PIDs', '', 1, 57, 1, 0, NULL, 0, NULL, 999),
	(683, 97, 'Convert Video', 'Creates a flash video dissemination of the archival video file.', 1, 64, 0, 1, NULL, 1, NULL, 999),
	(684, 97, 'Add Video Thumbnail', '', 1, 65, 1, 0, NULL, 1, NULL, 999),
	(685, 9, 'Purge', '', 1, 17, 1, 1, NULL, 0, NULL, 999),
	(687, 29, 'Regenerate Auth Index', '', 1, 39, 1, 1, NULL, 0, NULL, 999),
	(688, 25, 'Regenerate Images', '', 1, 36, 0, 1, NULL, 0, NULL, 999),
	(689, 25, 'Select Record', '', 0, 23, 1, 0, NULL, 0, NULL, 999),
	(690, 27, 'Regenerate Images', '', 1, 36, 1, 1, NULL, 0, NULL, 999),
	(692, 84, 'Regenerate Object Index', 'The index of the repository objects will be regenerated.  If this is a collection, or community, then children will also be regenerated.  This index is used to search and list objects.\r\n\r\nThis process will run in the background.', 1, 42, 1, 1, NULL, 0, NULL, 999),
	(693, 90, 'Split', '', 1, 59, 1, 0, NULL, 0, NULL, 999),
	(694, 90, 'Running', 'The collection is currently being split in a running process which can be followed on the background process page.', 0, 52, 0, 1, NULL, 0, NULL, 999),
	(695, 79, 'Submit for Approval', '', 1, 51, 0, 1, NULL, 0, NULL, 999),
	(696, 79, 'Edit Metadata', '', 0, 16, 0, 0, NULL, 0, NULL, 999),
	(697, 79, 'Select Collection', '', 0, 24, 1, 0, NULL, 0, NULL, 999),
	(698, 79, 'Publish', '', 1, 28, 0, 1, NULL, 0, NULL, 999),
	(699, 80, 'Publish', '', 1, 28, 0, 1, NULL, 0, NULL, 999),
	(700, 80, 'Submit for Approval', '', 1, 51, 0, 1, NULL, 0, NULL, 999),
	(701, 80, 'Select Community', '', 0, 25, 1, 0, NULL, 0, NULL, 999),
	(702, 80, 'Edit Metadata', '', 0, 16, 0, 0, NULL, 0, NULL, 999),
	(714, 98, 'Select files to add to object', '', 0, 67, 1, 0, NULL, 0, NULL, 999),
	(715, 98, 'Finish workflow', '', 1, 66, 0, 1, NULL, 0, NULL, 999),
	(717, 99, 'Convert Audio to Flash Video', '', 1, 68, 1, 1, NULL, 1, NULL, 999),
	(718, 100, 'Register Main Chapter', '', 0, 69, 1, 1, NULL, 0, NULL, 999),
	(719, 101, 'Select Collection', '', 0, 24, 1, 0, NULL, 0, NULL, 999),
	(720, 101, 'Bulk Copy into Selected Collection', '', 1, 70, 0, 1, NULL, 0, NULL, 999),
	(722, 102, 'Select Collection', '', 0, 24, 1, 0, NULL, 0, NULL, 999),
	(723, 102, 'Remove record from collection', '', 1, 71, 0, 1, NULL, 0, NULL, 999),
	(725, 1, 'Web Format', '', 1, 35, 0, 0, NULL, 0, NULL, 999),
	(726, 1, 'Preview Format', '', 1, 34, 0, 0, NULL, 0, NULL, 999),
	(727, 1, 'Process Origami Images', '', 1, 72, 0, 1, NULL, 0, NULL, 999),
	(728, 1, 'Thumbnail', '', 1, 1, 1, 0, NULL, 0, NULL, 999),
	(729, 103, 'Regenerate Object Index and Derivated Datastreams', '', 1, 73, 1, 1, NULL, 0, NULL, 999),
	(731, 104, 'Reindex record(s)', '', 1, 74, 1, 1, NULL, 0, NULL, 999),
	(743, 75, 'Edit Metadata', '', 0, 16, 0, 1, NULL, 0, NULL, 999),
	(744, 75, 'Preview', '', 0, 30, 0, 0, NULL, 0, NULL, 999),
	(745, 75, 'Unpublish', '', 1, 29, 0, 0, NULL, 1, NULL, 999),
	(746, 75, 'Unpublish and End', '', 1, 29, 0, 1, NULL, 0, NULL, 999),
	(747, 75, 'Publish', '', 1, 28, 0, 1, NULL, 0, NULL, 999),
	(748, 75, 'Select Record', '', 0, 23, 1, 0, NULL, 0, NULL, 999),
	(766, 72, 'Enter Metadata', '', 0, 13, 1, 0, NULL, 0, NULL, 999),
	(767, 72, 'Submit for Approval', '', 1, 51, 0, 0, NULL, 0, NULL, 999),
	(768, 72, 'Publish', '', 1, 28, 0, 1, NULL, 0, NULL, 999),
	(769, 72, 'SFA Confirm', '', 0, 78, 0, 1, NULL, 0, NULL, 999),
	(770, 74, 'Review Metadata', '', 0, 16, 0, 0, NULL, 0, NULL, 999),
	(771, 74, 'Select Collection', '', 0, 22, 1, 0, NULL, 0, NULL, 999),
	(772, 74, 'Submit for Approval', '', 1, 51, 0, 0, NULL, 0, NULL, 999),
	(773, 74, 'Publish', '', 1, 28, 0, 1, NULL, 0, NULL, 999),
	(774, 74, 'Preview', '', 0, 30, 0, 0, NULL, 0, NULL, 999),
	(775, 74, 'Enter Metadata', '', 0, 13, 0, 0, NULL, 0, NULL, 999),
	(776, 74, 'Save', '', 1, 77, 0, 1, NULL, 0, NULL, 999),
	(777, 74, 'SFA Confirm', '', 0, 78, 0, 1, NULL, 0, NULL, 999),
	(778, 8, 'Review Metadata', '', 0, 16, 1, 0, NULL, 0, NULL, 999),
	(779, 8, 'Save Preview', '', 1, 77, 0, 0, NULL, 1, NULL, 999),
	(780, 8, 'Submit for Approval', '', 1, 51, 0, 0, NULL, 0, NULL, 999),
	(781, 8, 'Publish', '', 1, 28, 0, 1, NULL, 0, NULL, 999),
	(782, 8, 'Preview', '', 0, 30, 0, 0, NULL, 0, NULL, 999),
	(783, 8, 'Save SFA', '', 1, 77, 0, 0, NULL, 1, NULL, 999),
	(784, 8, 'Save Changes', '', 1, 77, 0, 1, NULL, 1, NULL, 999),
	(785, 8, 'Reject', 'Reject Preview Screen', 0, 75, 0, 0, NULL, 0, NULL, 999),
	(786, 8, 'Reject Finalise', '', 1, 76, 0, 1, NULL, 0, NULL, 999),
	(787, 8, 'Save Publish', '', 1, 77, 0, 0, NULL, 1, NULL, 999),
	(788, 8, 'SFA confirm', '', 0, 78, 0, 1, NULL, 0, NULL, 999),
	(789, 105, 'Enter your Thesis Details', '', 0, 13, 1, 0, NULL, 0, NULL, 999),
	(790, 105, 'Upload your Thesis', '', 1, 51, 0, 0, NULL, 0, NULL, 999),
	(791, 105, 'Confirmation with email', '', 0, 79, 0, 1, NULL, 0, NULL, 999),
	(792, 105, 'Secure Student Thesis', '', 1, 80, 0, 0, NULL, 0, NULL, 999),
	(793, 106, 'Manage Thesis Assessor Access', '', 0, 81, 1, 1, NULL, 0, NULL, 999),
	(794, 107, 'Enter Author Text', '', 0, 83, 1, 0, NULL, 0, NULL, 999),
	(795, 107, 'Bulk Assign Author ID', '', 1, 82, 0, 1, NULL, 0, NULL, 999),
	(796, 108, 'Enter your Professional Doctorate Thesis Details', '', 0, 13, 1, 0, NULL, 0, NULL, 999),
	(797, 108, 'Upload your Professional Doctorate', '', 1, 51, 0, 0, NULL, 0, NULL, 999),
	(798, 108, 'Secure Student PD', '', 1, 85, 0, 0, NULL, 0, NULL, 999),
	(799, 108, 'Confirmation with email', '', 0, 84, 0, 1, NULL, 0, NULL, 999),
	(800, 109, 'Choose the new display type', '', 0, 87, 1, 0, NULL, 0, NULL, 999),
	(801, 109, 'Change Display Type', '', 1, 86, 0, 1, NULL, 1, NULL, 999),
	(802, 110, 'Bulk Reindex and Regenerate Derivated Datastreams', '', 1, 88, 1, 0, NULL, 0, NULL, 999),
	(803, 110, 'Finished Workflow', '', 0, 52, 0, 1, NULL, 0, NULL, 999),
	(804, 111, 'Run Process', 'Runs the process of stripping isi_locs from records in preparation of Links AMR Service data import.', 1, 89, 1, 0, NULL, 0, NULL, 999),
	(805, 111, 'Finished', '', 0, 52, 0, 1, NULL, 0, NULL, 999),
	(806, 112, 'Run Process', 'Runs the process of updating the authors on a record using ESTI.', 1, 90, 1, 0, NULL, 0, NULL, 999),
	(807, 112, 'Finished', '', 0, 52, 0, 1, NULL, 0, NULL, 999),
	(808, 113, 'Run Process', 'Runs the process of stripping abstracts from records - to be run on ESTI imported records', 1, 91, 1, 0, NULL, 0, NULL, 999),
	(809, 113, 'Finished', '', 0, 52, 0, 1, NULL, 0, NULL, 999),
	(810, 85, 'Save Preview', '', 1, 77, 0, 0, NULL, 1, NULL, 999),
	(811, 85, 'Save Publish', '', 1, 77, 0, 0, NULL, 1, NULL, 999),
	(812, 85, 'Save SFA', '', 1, 77, 0, 0, NULL, 1, NULL, 999),
	(813, 76, 'Add custom history comment', 'Add a custom comment to the object\'s history relating to why this object has been deleted.', 0, 92, 0, 0, NULL, 0, NULL, 999),
	(814, 94, 'Add custom history comment', 'Add a custom comment to the history of this object', 0, 92, 1, 0, NULL, 0, NULL, 999),
	(815, 114, 'Run Process', 'Runs the process of stripping Scopus ID from records.', 1, 93, 1, 0, NULL, 0, NULL, 999),
	(816, 114, 'Finished', '', 0, 92, 0, 1, NULL, 0, NULL, 0),
	(817, 115, 'Choose new display type', 'Change a list of display types from a search or an ad-hoc query to a different display type. This will cause data loss where the display types don\'t overlap next time the pid is updated. ', 0, 87, 1, 0, NULL, 0, NULL, 1),
	(818, 115, 'Bulk Change Display Type', '', 1, 94, 0, 1, NULL, 0, NULL, 2),
	(820, 116, 'Run Process', 'Runs the process of uploading PIDs to Links AMR for identification of UT.', 1, 95, 1, 1, NULL, 0, NULL, 0),
	(822, 117, 'Select Search Key and Value', '', 0, 97, 1, 0, NULL, 0, NULL, 0),
	(823, 117, 'Bulk Change Search Key and Value', '', 1, 96, 0, 1, NULL, 1, NULL, 0),
	(824, 118, 'Generate bookreader images', '', 1, 98, 1, 1, NULL, 0, NULL, 0),
	(826, 119, 'Bulk generate bookreader images', '', 1, 99, 1, 1, NULL, 0, NULL, 0),
	(827, 120, 'Edit ERA Affiliations', '', 0, 100, 1, 1, NULL, 0, NULL, 0),
	(828, 121, 'Proceed', '', 1, 101, 0, 1, NULL, 1, NULL, 999),
	(829, 121, 'Confirmation', '', 0, 102, 1, 0, NULL, 0, NULL, 998),
	(830, 122, 'Enter Dataset Metadata', '', 0, 13, 1, 0, NULL, 0, NULL, 1),
	(831, 122, 'Submit for Approval', '1.0', 1, 51, 0, 0, NULL, 1, NULL, 0),
	(832, 122, 'Submit for Approval Dataset Confirmation', '', 0, 103, 0, 1, NULL, 0, NULL, 0),
	(835, 124, 'Preview', 'Please preview this records data before creating a DOI', 0, 107, 1, 0, NULL, 0, NULL, 0),
	(836, 124, 'Create/Update DOI', '', 1, 106, 0, 1, NULL, 0, NULL, 0);
/*!40000 ALTER TABLE `fez_workflow_state` ENABLE KEYS */;

-- Dumping data for table espace.fez_workflow_state_link: ~125 rows (approximately)
/*!40000 ALTER TABLE `fez_workflow_state_link` DISABLE KEYS */;
REPLACE INTO `fez_workflow_state_link` (`wfsl_id`, `wfsl_wfl_id`, `wfsl_from_id`, `wfsl_to_id`) VALUES
	(172, 2, 15, 16),
	(179, 2, 17, 18),
	(180, 2, 18, 17),
	(182, 2, 18, 19),
	(222, 2, 16, 20),
	(226, 2, 20, 31),
	(227, 2, 31, 17),
	(332, 20, 69, 59),
	(342, 20, 64, 69),
	(355, 20, 69, 60),
	(357, 20, 60, 59),
	(358, 20, 60, 64),
	(379, 20, 60, 71),
	(963, 73, 613, 612),
	(967, 73, 612, 611),
	(969, 7, 615, 616),
	(972, 86, 619, 618),
	(973, 87, 621, 620),
	(983, 85, 629, 626),
	(984, 85, 626, 628),
	(985, 78, 634, 635),
	(986, 78, 635, 632),
	(987, 78, 635, 633),
	(988, 5, 637, 636),
	(989, 5, 637, 638),
	(990, 4, 641, 640),
	(991, 4, 639, 641),
	(1004, 77, 651, 652),
	(1005, 81, 653, 654),
	(1010, 88, 673, 676),
	(1011, 88, 672, 673),
	(1012, 88, 677, 674),
	(1013, 88, 678, 675),
	(1014, 88, 679, 677),
	(1015, 88, 676, 678),
	(1016, 88, 674, 672),
	(1019, 97, 684, 683),
	(1021, 25, 689, 688),
	(1024, 79, 696, 698),
	(1025, 79, 697, 696),
	(1026, 79, 696, 695),
	(1027, 80, 701, 702),
	(1028, 80, 702, 699),
	(1029, 80, 702, 700),
	(1051, 1, 728, 726),
	(1052, 1, 725, 727),
	(1053, 1, 726, 725),
	(1069, 75, 743, 747),
	(1070, 75, 744, 746),
	(1071, 75, 743, 746),
	(1072, 75, 743, 745),
	(1073, 75, 748, 743),
	(1074, 75, 745, 744),
	(1075, 75, 744, 743),
	(1076, 75, 744, 747),
	(1101, 72, 767, 769),
	(1103, 74, 774, 770),
	(1104, 74, 772, 777),
	(1105, 74, 775, 772),
	(1106, 74, 775, 773),
	(1107, 74, 771, 775),
	(1108, 74, 774, 773),
	(1109, 74, 770, 774),
	(1110, 74, 770, 773),
	(1111, 74, 774, 772),
	(1112, 74, 775, 774),
	(1113, 74, 775, 776),
	(1114, 74, 770, 772),
	(1115, 8, 778, 779),
	(1116, 8, 778, 784),
	(1117, 8, 787, 781),
	(1118, 8, 778, 787),
	(1119, 8, 780, 788),
	(1120, 8, 778, 783),
	(1121, 8, 782, 781),
	(1122, 8, 783, 780),
	(1123, 8, 785, 786),
	(1124, 8, 778, 785),
	(1125, 8, 782, 778),
	(1126, 8, 779, 782),
	(1127, 8, 782, 780),
	(1133, 105, 792, 791),
	(1136, 105, 789, 790),
	(1137, 105, 790, 792),
	(1138, 107, 794, 795),
	(1141, 108, 796, 797),
	(1145, 108, 797, 798),
	(1146, 108, 798, 799),
	(1147, 109, 800, 801),
	(1149, 85, 630, 631),
	(1150, 85, 630, 625),
	(1153, 110, 802, 803),
	(1154, 111, 804, 805),
	(1155, 112, 806, 807),
	(1156, 113, 808, 809),
	(1158, 85, 810, 630),
	(1159, 85, 628, 627),
	(1160, 85, 630, 627),
	(1161, 85, 627, 810),
	(1162, 85, 627, 811),
	(1163, 85, 811, 625),
	(1164, 85, 627, 812),
	(1165, 85, 812, 631),
	(1171, 76, 813, 656),
	(1172, 76, 655, 813),
	(1174, 94, 814, 657),
	(1175, 114, 815, 816),
	(1182, 117, 822, 823),
	(1185, 98, 714, 715),
	(1189, 93, 606, 607),
	(1191, 73, 611, 609),
	(1192, 73, 612, 609),
	(1194, 7, 615, 617),
	(1195, 7, 616, 617),
	(1197, 115, 817, 818),
	(1199, 101, 719, 720),
	(1204, 83, 624, 623),
	(1209, 90, 693, 694),
	(1210, 102, 722, 723),
	(1213, 121, 829, 828),
	(1214, 72, 766, 767),
	(1215, 72, 766, 768),
	(1217, 122, 831, 832),
	(1218, 122, 830, 831),
	(1220, 124, 835, 836);
/*!40000 ALTER TABLE `fez_workflow_state_link` ENABLE KEYS */;

-- Dumping data for table espace.fez_workflow_state_roles: ~395 rows (approximately)
/*!40000 ALTER TABLE `fez_workflow_state_roles` DISABLE KEYS */;
REPLACE INTO `fez_workflow_state_roles` (`wfsr_wfs_id`, `wfsr_aro_id`) VALUES
	(306, 11),
	(307, 11),
	(310, 11),
	(349, 11),
	(350, 11),
	(351, 11),
	(352, 11),
	(353, 11),
	(407, 11),
	(408, 11),
	(409, 11),
	(410, 11),
	(411, 11),
	(412, 11),
	(413, 11),
	(414, 11),
	(415, 11),
	(416, 11),
	(417, 11),
	(418, 11),
	(419, 11),
	(420, 11),
	(421, 11),
	(422, 11),
	(423, 11),
	(424, 11),
	(425, 2),
	(425, 11),
	(426, 11),
	(427, 11),
	(428, 2),
	(428, 11),
	(429, 11),
	(430, 11),
	(431, 11),
	(432, 2),
	(432, 11),
	(433, 11),
	(434, 2),
	(434, 11),
	(435, 11),
	(436, 11),
	(437, 11),
	(438, 2),
	(438, 11),
	(439, 11),
	(440, 11),
	(441, 11),
	(442, 2),
	(442, 11),
	(443, 11),
	(444, 11),
	(445, 11),
	(446, 11),
	(447, 11),
	(448, 11),
	(449, 11),
	(450, 11),
	(451, 11),
	(452, 11),
	(453, 11),
	(454, 11),
	(455, 11),
	(456, 11),
	(457, 11),
	(458, 11),
	(459, 11),
	(460, 11),
	(461, 11),
	(462, 11),
	(463, 11),
	(464, 11),
	(465, 11),
	(466, 11),
	(467, 11),
	(468, 11),
	(469, 2),
	(469, 11),
	(470, 11),
	(471, 11),
	(472, 2),
	(472, 11),
	(473, 11),
	(474, 11),
	(475, 11),
	(476, 11),
	(477, 11),
	(478, 11),
	(479, 2),
	(479, 11),
	(480, 11),
	(481, 11),
	(482, 2),
	(482, 11),
	(483, 11),
	(484, 11),
	(485, 11),
	(486, 11),
	(487, 11),
	(488, 11),
	(489, 11),
	(490, 11),
	(491, 11),
	(492, 11),
	(493, 11),
	(494, 11),
	(498, 0),
	(499, 0),
	(500, 0),
	(501, 0),
	(502, 0),
	(503, 0),
	(504, 0),
	(505, 0),
	(506, 0),
	(507, 0),
	(508, 0),
	(509, 0),
	(510, 0),
	(511, 0),
	(512, 0),
	(513, 0),
	(514, 0),
	(515, 0),
	(516, 0),
	(517, 0),
	(518, 0),
	(519, 2),
	(520, 0),
	(521, 0),
	(522, 0),
	(523, 0),
	(524, 0),
	(525, 0),
	(526, 2),
	(527, 0),
	(528, 0),
	(529, 0),
	(530, 0),
	(531, 0),
	(532, 2),
	(533, 0),
	(534, 2),
	(535, 0),
	(536, 0),
	(537, 0),
	(538, 2),
	(539, 0),
	(540, 2),
	(541, 0),
	(542, 0),
	(543, 0),
	(544, 0),
	(545, 0),
	(546, 0),
	(547, 0),
	(548, 0),
	(549, 0),
	(550, 0),
	(551, 0),
	(552, 0),
	(553, 0),
	(554, 0),
	(555, 0),
	(556, 0),
	(557, 0),
	(558, 0),
	(559, 0),
	(560, 0),
	(561, 0),
	(562, 0),
	(563, 0),
	(564, 0),
	(565, 0),
	(566, 0),
	(567, 0),
	(568, 0),
	(569, 0),
	(570, 0),
	(571, 0),
	(572, 0),
	(573, 0),
	(574, 0),
	(575, 0),
	(576, 0),
	(577, 0),
	(578, 0),
	(579, 0),
	(580, 0),
	(581, 0),
	(582, 0),
	(583, 0),
	(584, 0),
	(585, 0),
	(586, 0),
	(587, 0),
	(588, 0),
	(589, 0),
	(590, 2),
	(591, 2),
	(592, 0),
	(593, 0),
	(594, 0),
	(595, 2),
	(596, 0),
	(597, 0),
	(598, 0),
	(599, 0),
	(600, 0),
	(601, 2),
	(602, 0),
	(603, 0),
	(604, 0),
	(605, 0),
	(606, 0),
	(608, 0),
	(610, 0),
	(611, 0),
	(612, 0),
	(613, 0),
	(614, 0),
	(615, 0),
	(616, 0),
	(618, 0),
	(619, 0),
	(620, 0),
	(621, 0),
	(622, 0),
	(624, 0),
	(625, 2),
	(626, 0),
	(628, 0),
	(629, 0),
	(631, 0),
	(632, 2),
	(633, 0),
	(634, 0),
	(635, 0),
	(636, 0),
	(637, 0),
	(638, 2),
	(639, 0),
	(640, 2),
	(641, 0),
	(642, 0),
	(643, 0),
	(644, 2),
	(645, 0),
	(646, 2),
	(647, 0),
	(648, 0),
	(649, 0),
	(650, 0),
	(651, 0),
	(652, 0),
	(653, 0),
	(654, 0),
	(656, 0),
	(658, 0),
	(659, 0),
	(660, 0),
	(661, 0),
	(662, 0),
	(663, 0),
	(664, 0),
	(666, 0),
	(667, 0),
	(669, 0),
	(670, 0),
	(672, 0),
	(673, 0),
	(674, 0),
	(675, 0),
	(676, 0),
	(677, 0),
	(678, 0),
	(679, 0),
	(680, 0),
	(681, 0),
	(682, 0),
	(683, 0),
	(684, 0),
	(685, 0),
	(686, 0),
	(688, 0),
	(689, 0),
	(690, 0),
	(691, 0),
	(694, 0),
	(695, 0),
	(696, 0),
	(697, 0),
	(698, 2),
	(699, 2),
	(700, 0),
	(701, 0),
	(702, 0),
	(703, 2),
	(704, 0),
	(705, 0),
	(706, 0),
	(707, 0),
	(708, 0),
	(709, 2),
	(710, 0),
	(711, 0),
	(712, 0),
	(713, 0),
	(714, 0),
	(716, 0),
	(717, 0),
	(718, 0),
	(719, 0),
	(721, 0),
	(722, 0),
	(724, 0),
	(725, 0),
	(726, 0),
	(727, 0),
	(728, 0),
	(730, 0),
	(733, 0),
	(734, 0),
	(735, 2),
	(736, 0),
	(737, 0),
	(738, 0),
	(739, 2),
	(740, 0),
	(741, 0),
	(742, 0),
	(743, 0),
	(744, 0),
	(745, 0),
	(746, 0),
	(747, 2),
	(748, 0),
	(749, 0),
	(750, 0),
	(751, 2),
	(751, 6),
	(752, 0),
	(753, 0),
	(754, 2),
	(754, 6),
	(755, 0),
	(756, 0),
	(757, 0),
	(758, 0),
	(759, 2),
	(759, 6),
	(760, 0),
	(761, 0),
	(762, 0),
	(763, 2),
	(763, 6),
	(764, 0),
	(765, 2),
	(765, 6),
	(767, 0),
	(768, 2),
	(769, 0),
	(770, 0),
	(771, 0),
	(772, 0),
	(773, 2),
	(774, 0),
	(775, 0),
	(776, 0),
	(777, 0),
	(778, 0),
	(779, 0),
	(780, 0),
	(781, 2),
	(781, 6),
	(782, 0),
	(783, 0),
	(784, 0),
	(785, 2),
	(785, 6),
	(786, 0),
	(787, 2),
	(787, 6),
	(788, 0),
	(794, 0),
	(795, 0),
	(815, 6),
	(822, 6),
	(823, 6),
	(825, 0),
	(827, 0),
	(828, 8),
	(829, 8),
	(835, 6),
	(836, 6);
/*!40000 ALTER TABLE `fez_workflow_state_roles` ENABLE KEYS */;

-- Dumping data for table espace.fez_workflow_trigger: ~86 rows (approximately)
/*!40000 ALTER TABLE `fez_workflow_trigger` DISABLE KEYS */;
REPLACE INTO `fez_workflow_trigger` (`wft_id`, `wft_pid`, `wft_type_id`, `wft_wfl_id`, `wft_xdis_id`, `wft_order`, `wft_mimetype`, `wft_icon`, `wft_ret_id`, `wft_options`) VALUES
	(5, 'UQL-fed:24995', 3, 2, 5, 0, '', '', 0, 0),
	(157, '-1', 8, 91, -1, 0, '', 'images/bulk_move_16.png', 0, 0),
	(212, '-1', 1, 93, -1, 0, '', 'images/scanner_22.jpg', 3, 0),
	(213, '-1', 4, 73, -2, 0, '', 'images/scanner_22.jpg', 0, 0),
	(214, '-1', 4, 7, -1, 0, '', 'images/scanner_22.jpg', 0, 0),
	(215, '-1', 7, 86, -2, 0, '', 'images/bulk_move_16.png', 0, 0),
	(216, '-1', 7, 87, -2, 0, '', 'images/bulk_move_16.png', 0, 0),
	(218, '-1', 1, 85, -1, 0, '', 'images/folder_new.gif', 3, 0),
	(219, '-1', 4, 78, -2, 0, '', 'images/folder_new.gif', 2, 0),
	(220, '-1', 4, 5, -1, 0, '', 'images/folder_new.gif', 2, 0),
	(221, '-1', 4, 4, -2, 0, '', 'images/folder_new.gif', 1, 0),
	(222, '-1', 4, 4, -1, 0, '', 'images/folder_new.gif', 1, 0),
	(225, '-1', 3, 94, -1, 95, '', 'images/delete.gif', 3, 1),
	(226, '-1', 3, 94, -1, 95, '', 'images/delete.gif', 2, 0),
	(227, '-1', 3, 94, -1, 95, '', 'images/delete.gif', 1, 0),
	(228, '-1', 1, 89, 285, 10, '', 'images/edit.gif', 3, 0),
	(229, '-1', 1, 92, -1, 11, '', 'images/author_affiliation_16.png', 3, 1),
	(230, '-1', 1, 23, -1, 15, '', 'images/security.gif', 3, 1),
	(231, '-1', 1, 22, -1, 15, '', 'images/security.gif', 2, 1),
	(232, '-1', 1, 21, -1, 15, '', 'images/security.gif', 1, 1),
	(233, '-1', 5, 24, -1, 15, '', 'images/security.gif', 0, 0),
	(234, '-1', 6, 95, -1, 0, '', 'images/spreadsheet_16.gif', 3, 0),
	(235, 'UQ:105', 6, 95, -1, 0, '', '', 2, 0),
	(236, '-1', 6, 96, -1, 0, '', 'images/spreadsheet_16.gif', 2, 0),
	(237, '-1', 6, 96, -1, 0, '', 'images/spreadsheet_16.gif', 1, 0),
	(238, '-1', 6, 26, -1, 0, '', 'images/spreadsheet_16.gif', 3, 0),
	(239, 'UQ:105', 6, 26, -1, 0, '', '', 2, 0),
	(240, '-1', 6, 28, -1, 0, '', 'images/spreadsheet_16.gif', 1, 0),
	(241, '-1', 6, 28, -1, 0, '', 'images/spreadsheet_16.gif', 2, 0),
	(242, '-1', 1, 31, -2, 0, '', 'images/regen.gif', 0, 0),
	(243, '-1', 1, 31, -1, 0, '', 'images/regen.gif', 0, 0),
	(244, '-1', 1, 88, -1, 0, '', 'images/bulk_move_16.png', 2, 0),
	(245, '-1', 7, 88, -1, 0, '', 'images/bulk_move_16.png', 3, 0),
	(251, '-1', 0, 97, -1, 0, 'video/x-mpg video/x-mpeg video/x-avi video/x-mpeg4 video/x-msvideo video/mpeg video/mpg video/x-msvideo video/msvideo video/mp2p video/quicktime video/x-wmv video/mp4 video/matroska video/x-matroska', 'images/folder_new.gif', 0, 0),
	(252, '-1', 1, 29, -2, 0, '', 'images/regen.gif', 0, 0),
	(253, '-1', 1, 29, -1, 0, '', 'images/regen.gif', 0, 0),
	(254, '-1', 1, 25, -2, 10, '', 'images/edit.gif', 3, 0),
	(255, '-1', 1, 27, -1, 0, '', 'images/regen.gif', 3, 0),
	(256, '-1', 1, 84, -2, 0, '', 'images/regen.gif', 0, 0),
	(257, '-1', 1, 84, -1, 0, '', 'images/regen.gif', 0, 0),
	(258, '-1', 1, 90, -1, 0, '', 'images/bulk_move_16.png', 2, 0),
	(259, '-1', 1, 79, -2, 10, '', 'images/edit.gif', 2, 0),
	(260, '-1', 1, 80, -2, 10, '', 'images/edit.gif', 1, 0),
	(265, '-1', 1, 98, -1, 0, '', 'images/scanner_22.jpg', 3, 0),
	(266, '-1', 0, 99, -1, 0, 'audio/x-wav audio/wav audio/mpeg', 'images/folder_new.gif', 0, 0),
	(267, '-1', 1, 100, -1, 0, '', 'images/main_chapter_16.png', 3, 0),
	(268, '-1', 7, 101, -2, 0, '', 'images/bulk_move_16.png', 0, 0),
	(269, '-1', 8, 101, -2, 0, '', 'images/bulk_move_16.png', 0, 0),
	(270, '-1', 7, 102, -2, 0, '', 'images/bulk_move_16.png', 0, 0),
	(271, '-1', 0, 1, -1, 0, 'image/gif image/jpeg image/tif image/tiff image/png image/x-MS-bmp image/pjpeg', 'images/folder_new.gif', 0, 0),
	(272, 'UQL-fed:24993', 0, 1, -1, 0, '', '', 0, 0),
	(273, 'UQL-fed:24995', 0, 1, 40, 0, '', '', 0, 0),
	(274, 'UQL-fed:24993', 0, 1, 40, 0, '', '', 0, 0),
	(275, 'UQL-fed:24995', 1, 1, 40, 0, '', '', 0, 0),
	(276, '-1', 1, 103, -1, 0, '', 'images/regen.gif', 0, 0),
	(277, '-1', 7, 104, -2, 0, '', 'images/bulk_move_16.png', 0, 0),
	(280, '-1', 1, 75, -2, 0, '', 'images/edit.gif', 3, 0),
	(287, '-1', 4, 72, -1, 0, '', 'images/folder_new.gif', 3, 0),
	(288, '-1', 4, 74, -2, 0, '', 'images/folder_new.gif', 3, 0),
	(289, '-1', 1, 8, -1, 0, '', 'images/edit.gif', 3, 1),
	(290, '-1', 1, 8, -1, 0, '', 'images/edit.gif', 2, 1),
	(291, '-1', 1, 8, -1, 0, '', 'images/edit.gif', 1, 1),
	(292, '-1', 4, 105, 187, 0, '', 'images/folder_new.gif', 3, 0),
	(293, '-1', 1, 106, 187, 20, '', 'images/pencil_16.png', 3, 1),
	(294, '-1', 7, 107, -2, 0, '', 'images/bulk_move_16.png', 0, 0),
	(295, '-1', 4, 108, 187, 0, '', 'images/folder_new.gif', 3, 0),
	(296, '-1', 1, 109, -1, 0, '', 'images/bulk_move_16.png', 3, 0),
	(297, '-1', 7, 110, -1, 0, '', 'images/bulk_move_16.png', 0, 0),
	(298, '-1', 1, 94, 187, 95, '', 'images/delete.gif', 3, 0),
	(299, '-1', 7, 111, -2, 0, '', 'images/bulk_move_16.png', 0, 0),
	(300, '-1', 7, 112, -2, 0, '', 'images/bulk_move_16.png', 0, 0),
	(301, '-1', 7, 113, -2, 0, '', 'images/bulk_move_16.png', 0, 0),
	(302, '-1', 7, 114, 0, 0, '', 'images/bulk_move_16.png', 0, 0),
	(303, '-1', 7, 115, 0, 0, '', 'images/bulk_move_16.png', 0, 0),
	(304, '-1', 7, 116, -1, 0, '', 'images/bulk_move_16.png', 3, 0),
	(305, '-1', 7, 117, 0, 0, '', 'images/bulk_move_16.png', 0, 0),
	(306, '-1', 1, 118, -1, 0, '', 'images/regen.gif', 3, 0),
	(307, '-1', 4, 118, -2, 0, '', 'images/regen.gif', 3, 0),
	(308, '-1', 7, 119, -2, 0, '', 'images/bulk_move_16.png', 3, 0),
	(309, '-1', 1, 120, -2, 0, '', 'images/edit.gif', 3, 0),
	(310, '-1', 1, 121, 130, 90, '', 'images/icons/h.png', 3, 1),
	(311, '-1', 1, 121, 179, 90, '', 'images/icons/h.png', 3, 1),
	(312, '-1', 1, 121, 174, 90, '', 'images/icons/h.png', 3, 1),
	(313, '-1', 1, 121, 177, 90, '', 'images/icons/h.png', 3, 1),
	(315, '-1', 4, 122, 371, 0, '', 'images/folder_new.gif', 3, 0),
	(316, '-1', 1, 124, -1, 0, '', 'images/keys_22.png', 3, 0);
/*!40000 ALTER TABLE `fez_workflow_trigger` ENABLE KEYS */;
/*!40101 SET SQL_MODE=IFNULL(@OLD_SQL_MODE, '') */;
/*!40014 SET FOREIGN_KEY_CHECKS=IF(@OLD_FOREIGN_KEY_CHECKS IS NULL, 1, @OLD_FOREIGN_KEY_CHECKS) */;
/*!40101 SET CHARACTER_SET_CLIENT=@OLD_CHARACTER_SET_CLIENT */;
